geolocation_name,quarter_label,year,deflated_gdp_usd,us_cpi,landlocked,access_to_airport,access_to_port,access_to_railway,straight_distance_to_capital_km,seismic_hazard_zone,flood_risk_class,tropical_cyclone_wind_risk,tornadoes_wind_risk,koppen_climate_zone,sentinel2_tiff_file_name,viirs_tiff_file_name,construction_cost_per_m2_usd
1,2,2024,3928801383782.808,143.9682405014625,1,0,0,1,370.0,2,1,1,0,3,sentinel_2_29000_nara_2024-Q2.tif,viirs_29000_nara_2024-Q2.tif,1567.8787743705016
2,1,2020,4069008481605.98,118.4352913210933,0,1,1,1,450.0,2,1,1,0,5,sentinel_2_05000_akita_2020-Q1.tif,viirs_05000_akita_2020-Q1.tif,2009.8277005928624
6,2,2021,4247588558872.2593,123.5075473904579,0,1,1,1,270.0,2,1,2,1,3,sentinel_2_17000_ishikawa_2021-Q2.tif,viirs_17000_ishikawa_2021-Q2.tif,1760.3717290721825
7,3,2021,4247588558872.2593,125.4848727349994,0,1,1,1,150.0,3,1,2,1,3,sentinel_2_22000_shizuoka_2021-Q3.tif,viirs_22000_shizuoka_2021-Q3.tif,1998.1514282463447
8,2,2020,4069008481605.98,117.7956988014519,1,0,0,1,270.0,2,1,1,1,3,sentinel_2_21000_gifu_2020-Q2.tif,viirs_21000_gifu_2020-Q2.tif,2038.472106772219
10,2,2024,3928801383782.808,143.9682405014625,0,1,1,1,900.0,3,1,2,1,3,sentinel_2_43000_kumamoto_2024-Q2.tif,viirs_43000_kumamoto_2024-Q2.tif,1985.2283517854448
11,3,2019,4070264756531.522,117.6899153350103,0,1,1,1,870.0,2,1,3,1,3,sentinel_2_45000_miyazaki_2019-Q3.tif,viirs_45000_miyazaki_2019-Q3.tif,1507.5773424575727
12,2,2021,4247588558872.2593,123.5075473904579,0,1,1,1,970.0,3,1,3,1,3,sentinel_2_46000_kagoshima_2021-Q2.tif,viirs_46000_kagoshima_2021-Q2.tif,1691.0583400832106
14,3,2024,3928801383782.808,144.403145070865,0,1,1,1,450.0,3,1,1,1,5,sentinel_2_03000_iwate_2024-Q3.tif,viirs_03000_iwate_2024-Q3.tif,1706.6163973371624
15,1,2024,3928801383782.808,142.3299725681459,0,1,1,1,1200.0,2,1,2,1,3,sentinel_2_42000_nagasaki_2024-Q1.tif,viirs_42000_nagasaki_2024-Q1.tif,1530.8526948457186
16,2,2019,4070264756531.522,117.3681318135368,0,1,1,1,260.0,2,1,2,1,3,sentinel_2_16000_toyama_2019-Q2.tif,viirs_16000_toyama_2019-Q2.tif,1618.5349375743162
17,3,2021,4247588558872.2593,125.4848727349994,0,1,1,1,625.0,3,1,3,1,3,sentinel_2_39000_kochi_2021-Q3.tif,viirs_39000_kochi_2021-Q3.tif,1825.0917143442623
17,2,2021,4247588558872.2593,123.5075473904579,0,1,1,1,625.0,3,1,3,1,3,sentinel_2_39000_kochi_2021-Q2.tif,viirs_39000_kochi_2021-Q2.tif,1958.5022084914683
21,3,2024,3928801383782.808,144.403145070865,0,1,1,1,500.0,3,1,2,1,3,sentinel_2_36000_tokushima_2024-Q3.tif,viirs_36000_tokushima_2024-Q3.tif,1523.5489879188451
22,3,2021,4247588558872.2593,125.4848727349994,0,1,1,1,500.0,2,1,2,1,3,sentinel_2_31000_tottori_2021-Q3.tif,viirs_31000_tottori_2021-Q3.tif,1894.530285958593
14,1,2021,4247588558872.2593,120.6838014481023,0,1,1,1,450.0,3,1,1,1,5,sentinel_2_03000_iwate_2021-Q1.tif,viirs_03000_iwate_2021-Q1.tif,1921.0423046521275
17,3,2023,3993446887350.673,140.714328844415,0,1,1,1,625.0,3,1,3,1,3,sentinel_2_39000_kochi_2023-Q3.tif,viirs_39000_kochi_2023-Q3.tif,1709.715510686194
26,2,2023,3993446887350.673,139.5056151606663,1,0,0,1,100.0,3,0,1,1,3,sentinel_2_10000_gunma_2023-Q2.tif,viirs_10000_gunma_2023-Q2.tif,1459.5649435230368
27,1,2022,3880440088794.578,130.2983261906564,0,0,1,1,320.0,2,1,1,0,3,sentinel_2_18000_fukui_2022-Q1.tif,viirs_18000_fukui_2022-Q1.tif,1714.0184827186436
8,3,2020,4069008481605.98,119.1285399053605,1,0,0,1,270.0,2,1,1,1,3,sentinel_2_21000_gifu_2020-Q3.tif,viirs_21000_gifu_2020-Q3.tif,1967.020623488982
31,3,2022,3880440088794.578,135.9371046973515,1,1,0,1,22.5,2,1,2,1,3,sentinel_2_11000_saitama_2022-Q3.tif,viirs_11000_saitama_2022-Q3.tif,1391.3593998260085
27,2,2024,3928801383782.808,143.9682405014625,0,0,1,1,320.0,2,1,1,1,3,sentinel_2_18000_fukui_2024-Q2.tif,viirs_18000_fukui_2024-Q2.tif,1503.0610503651835
35,1,2024,3928801383782.808,142.3299725681459,0,1,1,1,650.0,2,1,2,1,3,sentinel_2_32000_shimane_2024-Q1.tif,viirs_32000_shimane_2024-Q1.tif,2635.3867973524257
37,2,2020,4069008481605.98,117.7956988014519,0,1,1,1,575.0,2,1,1,0,5,sentinel_2_02000_aomori_2020-Q2.tif,viirs_02000_aomori_2020-Q2.tif,1839.9102721070085
12,4,2021,4247588558872.2593,127.389433729792,0,1,1,1,970.0,3,1,3,1,3,sentinel_2_46000_kagoshima_2021-Q4.tif,viirs_46000_kagoshima_2021-Q4.tif,1740.9545318857506
38,3,2023,3993446887350.673,140.714328844415,0,1,1,1,540.0,2,1,1,1,3,sentinel_2_33000_okayama_2023-Q3.tif,viirs_33000_okayama_2023-Q3.tif,1796.7345619939686
12,3,2024,3928801383782.808,144.403145070865,0,1,1,1,970.0,3,1,3,1,3,sentinel_2_46000_kagoshima_2024-Q3.tif,viirs_46000_kagoshima_2024-Q3.tif,1741.3021307805875
40,4,2021,4247588558872.2593,127.389433729792,0,1,1,1,0.0,3,1,2,1,3,sentinel_2_13000_tokyo_2021-Q4.tif,viirs_13000_tokyo_2021-Q4.tif,2726.1217521559074
44,4,2019,4070264756531.522,117.9406160358257,0,1,1,1,430.0,3,1,2,1,3,sentinel_2_28000_hyogo_2019-Q4.tif,viirs_28000_hyogo_2019-Q4.tif,1856.066182284886
45,2,2019,4070264756531.522,117.3681318135368,1,0,0,1,110.0,2,0,2,1,3,sentinel_2_19000_yamanashi_2019-Q2.tif,viirs_19000_yamanashi_2019-Q2.tif,1816.875956200879
22,4,2024,3928801383782.808,144.7279859179582,0,1,1,1,500.0,2,0,1,1,3,sentinel_2_31000_tottori_2024-Q4.tif,viirs_31000_tottori_2024-Q4.tif,1705.0237038929438
14,2,2023,3993446887350.673,139.5056151606663,0,1,1,1,450.0,3,1,1,0,5,sentinel_2_03000_iwate_2023-Q2.tif,viirs_03000_iwate_2023-Q2.tif,1528.038494165825
26,4,2022,3880440088794.578,136.4362131047677,1,0,0,1,100.0,3,0,1,1,3,sentinel_2_10000_gunma_2022-Q4.tif,viirs_10000_gunma_2022-Q4.tif,1516.243223607638
53,3,2020,4069008481605.98,119.1285399053605,0,1,1,1,250.0,2,1,1,1,3,sentinel_2_15000_niigata_2020-Q3.tif,viirs_15000_niigata_2020-Q3.tif,2161.465206387008
54,1,2020,4069008481605.98,118.4352913210933,1,1,0,1,300.0,2,1,2,1,5,sentinel_2_06000_yamagata_2020-Q1.tif,viirs_06000_yamagata_2020-Q1.tif,1563.5068390058025
55,3,2021,4247588558872.2593,125.4848727349994,0,0,1,1,450.0,3,1,3,1,3,sentinel_2_30000_wakayama_2021-Q3.tif,viirs_30000_wakayama_2021-Q3.tif,1672.058748832966
56,4,2021,4247588558872.2593,127.389433729792,0,1,1,1,37.5,3,1,3,1,3,sentinel_2_12000_chiba_2021-Q4.tif,viirs_12000_chiba_2021-Q4.tif,1717.3267665699152
57,2,2023,3993446887350.673,139.5056151606663,1,0,0,1,370.0,2,0,2,1,3,sentinel_2_26000_kyoto_2023-Q2.tif,viirs_26000_kyoto_2023-Q2.tif,1642.8214643453375
27,1,2021,4247588558872.2593,120.6838014481023,0,0,1,1,320.0,2,1,2,1,3,sentinel_2_18000_fukui_2021-Q1.tif,viirs_18000_fukui_2021-Q1.tif,1790.093932963981
17,4,2021,4247588558872.2593,127.389433729792,0,1,1,1,625.0,3,1,3,1,3,sentinel_2_39000_kochi_2021-Q4.tif,viirs_39000_kochi_2021-Q4.tif,1932.8107413918208
58,3,2019,4070264756531.522,117.6899153350103,0,0,1,1,320.0,3,1,3,1,3,sentinel_2_24000_mie_2019-Q3.tif,viirs_24000_mie_2019-Q3.tif,1793.813494187579
59,2,2021,4247588558872.2593,123.5075473904579,0,1,1,1,770.0,2,1,2,1,3,sentinel_2_44000_oita_2021-Q2.tif,viirs_44000_oita_2021-Q2.tif,1768.709367079818
60,2,2020,4069008481605.98,117.7956988014519,1,0,0,1,340.0,2,1,1,1,3,sentinel_2_25000_shiga_2020-Q2.tif,viirs_25000_shiga_2020-Q2.tif,1972.2314753131195
61,2,2023,3993446887350.673,139.5056151606663,0,1,1,1,680.0,2,1,2,1,3,sentinel_2_34000_hiroshima_2023-Q2.tif,viirs_34000_hiroshima_2023-Q2.tif,1849.713710608573
59,4,2024,3928801383782.808,144.7279859179582,0,1,1,1,770.0,2,0,2,0,3,sentinel_2_44000_oita_2024-Q4.tif,viirs_44000_oita_2024-Q4.tif,1698.0829381490391
57,1,2024,3928801383782.808,142.3299725681459,1,0,0,1,370.0,2,0,2,1,3,sentinel_2_26000_kyoto_2024-Q1.tif,viirs_26000_kyoto_2024-Q1.tif,2092.092230168884
21,2,2023,3993446887350.673,139.5056151606663,0,1,1,1,500.0,3,1,3,1,3,sentinel_2_36000_tokushima_2023-Q2.tif,viirs_36000_tokushima_2023-Q2.tif,1652.0022150707084
1,3,2024,3928801383782.808,144.403145070865,1,0,0,1,370.0,2,1,1,0,3,sentinel_2_29000_nara_2024-Q3.tif,viirs_29000_nara_2024-Q3.tif,1638.3824307765854
61,1,2023,3993446887350.673,137.8618440412342,0,1,1,1,680.0,2,1,2,1,3,sentinel_2_34000_hiroshima_2023-Q1.tif,viirs_34000_hiroshima_2023-Q1.tif,1688.2958645160948
12,1,2019,4070264756531.522,115.9781187205398,0,1,1,1,970.0,3,1,3,1,3,sentinel_2_46000_kagoshima_2019-Q1.tif,viirs_46000_kagoshima_2019-Q1.tif,1610.2856795542457
66,2,2019,4070264756531.522,117.3681318135368,0,1,1,1,800.0,2,1,2,1,3,sentinel_2_35000_yamaguchi_2019-Q2.tif,viirs_35000_yamaguchi_2019-Q2.tif,1921.946839254708
53,1,2021,4247588558872.2593,120.6838014481023,0,1,1,1,250.0,2,1,2,1,3,sentinel_2_15000_niigata_2021-Q1.tif,viirs_15000_niigata_2021-Q1.tif,1744.4765098953744
26,4,2024,3928801383782.808,144.7279859179582,1,0,0,1,100.0,3,1,1,1,3,sentinel_2_10000_gunma_2024-Q4.tif,viirs_10000_gunma_2024-Q4.tif,1610.3354322622845
53,4,2022,3880440088794.578,136.4362131047677,0,1,1,1,250.0,2,1,1,1,3,sentinel_2_15000_niigata_2022-Q4.tif,viirs_15000_niigata_2022-Q4.tif,1529.319958549199
14,2,2024,3928801383782.808,143.9682405014625,0,1,1,1,450.0,3,1,1,1,5,sentinel_2_03000_iwate_2024-Q2.tif,viirs_03000_iwate_2024-Q2.tif,1438.2791821231256
15,3,2020,4069008481605.98,119.1285399053605,0,1,1,1,1200.0,2,1,3,1,3,sentinel_2_42000_nagasaki_2020-Q3.tif,viirs_42000_nagasaki_2020-Q3.tif,2759.149129538569
60,1,2019,4070264756531.522,115.9781187205398,1,0,0,1,340.0,2,1,2,1,3,sentinel_2_25000_shiga_2019-Q1.tif,viirs_25000_shiga_2019-Q1.tif,1536.5560819964348
68,2,2021,4247588558872.2593,123.5075473904579,0,1,1,1,1550.0,2,1,3,1,3,sentinel_2_47000_okinawa_2021-Q2.tif,viirs_47000_okinawa_2021-Q2.tif,2693.688816100626
60,2,2023,3993446887350.673,139.5056151606663,1,0,0,1,340.0,2,1,1,1,3,sentinel_2_25000_shiga_2023-Q2.tif,viirs_25000_shiga_2023-Q2.tif,1556.198522937697
2,4,2022,3880440088794.578,136.4362131047677,0,1,1,1,450.0,2,1,1,0,5,sentinel_2_05000_akita_2022-Q4.tif,viirs_05000_akita_2022-Q4.tif,1360.5407756331736
53,3,2023,3993446887350.673,140.714328844415,0,1,1,1,250.0,2,1,1,1,3,sentinel_2_15000_niigata_2023-Q3.tif,viirs_15000_niigata_2023-Q3.tif,1652.351729770047
60,1,2021,4247588558872.2593,120.6838014481023,1,0,0,1,340.0,2,1,2,1,3,sentinel_2_25000_shiga_2021-Q1.tif,viirs_25000_shiga_2021-Q1.tif,1947.4680983015628
60,4,2024,3928801383782.808,144.7279859179582,1,0,0,1,340.0,2,1,2,1,3,sentinel_2_25000_shiga_2024-Q4.tif,viirs_25000_shiga_2024-Q4.tif,1451.6760268999146
2,4,2019,4070264756531.522,117.9406160358257,0,1,1,1,450.0,2,1,1,0,5,sentinel_2_05000_akita_2019-Q4.tif,viirs_05000_akita_2019-Q4.tif,1654.4130016501765
45,2,2024,3928801383782.808,143.9682405014625,1,0,0,1,110.0,2,0,1,0,3,sentinel_2_19000_yamanashi_2024-Q2.tif,viirs_19000_yamanashi_2024-Q2.tif,2075.1754326184027
57,4,2021,4247588558872.2593,127.389433729792,1,1,0,1,370.0,2,0,2,0,3,sentinel_2_26000_kyoto_2021-Q4.tif,viirs_26000_kyoto_2021-Q4.tif,1894.8936548010813
35,2,2019,4070264756531.522,117.3681318135368,0,1,1,1,650.0,2,1,2,1,3,sentinel_2_32000_shimane_2019-Q2.tif,viirs_32000_shimane_2019-Q2.tif,1693.2548833215735
69,1,2023,3993446887350.673,137.8618440412342,0,1,1,1,900.0,2,1,2,1,3,sentinel_2_41000_saga_2023-Q1.tif,viirs_41000_saga_2023-Q1.tif,1341.7460147048464
70,3,2020,4069008481605.98,119.1285399053605,0,1,1,1,880.0,2,1,2,1,3,sentinel_2_40000_fukuoka_2020-Q3.tif,viirs_40000_fukuoka_2020-Q3.tif,1921.7029306321228
70,4,2020,4069008481605.98,119.4024762808857,0,1,1,1,880.0,2,1,2,1,3,sentinel_2_40000_fukuoka_2020-Q4.tif,viirs_40000_fukuoka_2020-Q4.tif,1931.381807050956
1,3,2020,4069008481605.98,119.1285399053605,1,0,0,1,370.0,2,1,1,1,3,sentinel_2_29000_nara_2020-Q3.tif,viirs_29000_nara_2020-Q3.tif,2376.281377872221
22,4,2020,4069008481605.98,119.4024762808857,0,1,1,1,500.0,2,1,2,1,3,sentinel_2_31000_tottori_2020-Q4.tif,viirs_31000_tottori_2020-Q4.tif,1769.612951596597
72,4,2024,3928801383782.808,144.7279859179582,0,1,1,1,540.0,2,0,2,0,3,sentinel_2_37000_kagawa_2024-Q4.tif,viirs_37000_kagawa_2024-Q4.tif,1866.2107457228308
73,1,2020,4069008481605.98,118.4352913210933,1,0,0,1,100.0,2,1,2,1,3,sentinel_2_09000_tochigi_2020-Q1.tif,viirs_09000_tochigi_2020-Q1.tif,1814.613950397328
40,3,2023,3993446887350.673,140.714328844415,0,1,1,1,0.0,3,1,2,1,3,sentinel_2_13000_tokyo_2023-Q3.tif,viirs_13000_tokyo_2023-Q3.tif,2432.790545293574
11,4,2020,4069008481605.98,119.4024762808857,0,1,1,1,870.0,2,1,3,1,3,sentinel_2_45000_miyazaki_2020-Q4.tif,viirs_45000_miyazaki_2020-Q4.tif,2193.755303244855
54,1,2021,4247588558872.2593,120.6838014481023,0,1,0,1,300.0,2,1,1,1,5,sentinel_2_06000_yamagata_2021-Q1.tif,viirs_06000_yamagata_2021-Q1.tif,2082.7015825700746
59,3,2023,3993446887350.673,140.714328844415,0,1,1,1,770.0,2,1,2,1,3,sentinel_2_44000_oita_2023-Q3.tif,viirs_44000_oita_2023-Q3.tif,1675.673534349694
6,3,2021,4247588558872.2593,125.4848727349994,0,1,1,1,270.0,2,1,2,1,3,sentinel_2_17000_ishikawa_2021-Q3.tif,viirs_17000_ishikawa_2021-Q3.tif,1716.6803875044377
77,3,2024,3928801383782.808,144.403145070865,1,1,0,1,180.0,2,1,1,0,5,sentinel_2_20000_nagano_2024-Q3.tif,viirs_20000_nagano_2024-Q3.tif,2044.0444293039195
70,1,2021,4247588558872.2593,120.6838014481023,0,1,1,1,880.0,2,1,2,1,3,sentinel_2_40000_fukuoka_2021-Q1.tif,viirs_40000_fukuoka_2021-Q1.tif,1769.5968198930811
66,3,2023,3993446887350.673,140.714328844415,0,1,1,1,800.0,2,0,2,0,3,sentinel_2_35000_yamaguchi_2023-Q3.tif,viirs_35000_yamaguchi_2023-Q3.tif,1756.481975425586
73,1,2024,3928801383782.808,142.3299725681459,1,0,0,1,100.0,2,1,1,0,3,sentinel_2_09000_tochigi_2024-Q1.tif,viirs_09000_tochigi_2024-Q1.tif,1938.358836776824
59,3,2019,4070264756531.522,117.6899153350103,0,1,1,1,770.0,2,1,3,1,3,sentinel_2_44000_oita_2019-Q3.tif,viirs_44000_oita_2019-Q3.tif,1610.3869393850373
40,4,2023,3993446887350.673,140.8613862067226,0,1,1,1,0.0,3,1,2,1,3,sentinel_2_13000_tokyo_2023-Q4.tif,viirs_13000_tokyo_2023-Q4.tif,2829.2083958462053
68,1,2023,3993446887350.673,137.8618440412342,0,1,1,1,1550.0,2,1,3,1,3,sentinel_2_47000_okinawa_2023-Q1.tif,viirs_47000_okinawa_2023-Q1.tif,2039.013357560185
16,1,2021,4247588558872.2593,120.6838014481023,0,1,1,1,260.0,2,1,2,1,3,sentinel_2_16000_toyama_2021-Q1.tif,viirs_16000_toyama_2021-Q1.tif,1710.102075926499
81,1,2020,4069008481605.98,118.4352913210933,0,1,1,1,260.0,3,1,3,1,3,sentinel_2_23000_aichi_2020-Q1.tif,viirs_23000_aichi_2020-Q1.tif,1916.171582606475
81,3,2021,4247588558872.2593,125.4848727349994,0,1,1,1,260.0,3,1,2,1,3,sentinel_2_23000_aichi_2021-Q3.tif,viirs_23000_aichi_2021-Q3.tif,1836.5374614067705
73,4,2023,3993446887350.673,140.8613862067226,1,0,0,1,100.0,2,1,2,1,3,sentinel_2_09000_tochigi_2023-Q4.tif,viirs_09000_tochigi_2023-Q4.tif,1452.874924912213
15,3,2019,4070264756531.522,117.6899153350103,0,1,1,1,1200.0,2,1,3,1,3,sentinel_2_42000_nagasaki_2019-Q3.tif,viirs_42000_nagasaki_2019-Q3.tif,2025.230189935398
17,3,2022,3880440088794.578,135.9371046973515,0,1,1,1,625.0,3,1,3,1,3,sentinel_2_39000_kochi_2022-Q3.tif,viirs_39000_kochi_2022-Q3.tif,1430.4411020528048
55,1,2023,3993446887350.673,137.8618440412342,0,1,1,1,450.0,3,1,3,1,3,sentinel_2_30000_wakayama_2023-Q1.tif,viirs_30000_wakayama_2023-Q1.tif,1631.0344822036525
16,3,2022,3880440088794.578,135.9371046973515,0,1,1,1,260.0,2,0,1,0,3,sentinel_2_16000_toyama_2022-Q3.tif,viirs_16000_toyama_2022-Q3.tif,1521.1060910385245
2,4,2023,3993446887350.673,140.8613862067226,0,1,1,1,450.0,2,0,1,0,5,sentinel_2_05000_akita_2023-Q4.tif,viirs_05000_akita_2023-Q4.tif,1896.6516221621664
88,2,2021,4247588558872.2593,123.5075473904579,0,1,1,1,30.0,3,1,2,1,3,sentinel_2_14000_kanagawa_2021-Q2.tif,viirs_14000_kanagawa_2021-Q2.tif,2000.970977449525
27,4,2019,4070264756531.522,117.9406160358257,0,0,1,1,320.0,2,1,1,1,3,sentinel_2_18000_fukui_2019-Q4.tif,viirs_18000_fukui_2019-Q4.tif,1977.884515222724
1,1,2021,4247588558872.2593,120.6838014481023,1,0,0,1,370.0,2,1,2,1,3,sentinel_2_29000_nara_2021-Q1.tif,viirs_29000_nara_2021-Q1.tif,1910.2075557189337
26,1,2020,4069008481605.98,118.4352913210933,1,0,0,1,100.0,3,0,2,1,3,sentinel_2_10000_gunma_2020-Q1.tif,viirs_10000_gunma_2020-Q1.tif,1440.9007554744433
27,3,2022,3880440088794.578,135.9371046973515,0,0,1,1,320.0,2,1,1,0,3,sentinel_2_18000_fukui_2022-Q3.tif,viirs_18000_fukui_2022-Q3.tif,1460.1079331778092
54,1,2019,4070264756531.522,115.9781187205398,1,1,0,1,300.0,2,1,2,1,5,sentinel_2_06000_yamagata_2019-Q1.tif,viirs_06000_yamagata_2019-Q1.tif,2007.7603733742217
8,3,2022,3880440088794.578,135.9371046973515,1,0,0,1,270.0,2,1,2,1,3,sentinel_2_21000_gifu_2022-Q3.tif,viirs_21000_gifu_2022-Q3.tif,1498.2498643980755
38,1,2024,3928801383782.808,142.3299725681459,0,1,1,1,540.0,2,1,1,1,3,sentinel_2_33000_okayama_2024-Q1.tif,viirs_33000_okayama_2024-Q1.tif,1585.2076424388715
54,4,2022,3880440088794.578,136.4362131047677,1,1,0,1,300.0,2,0,1,0,5,sentinel_2_06000_yamagata_2022-Q4.tif,viirs_06000_yamagata_2022-Q4.tif,1395.479197412881
60,4,2019,4070264756531.522,117.9406160358257,1,0,0,1,340.0,2,1,2,1,3,sentinel_2_25000_shiga_2019-Q4.tif,viirs_25000_shiga_2019-Q4.tif,1728.07901067026
56,2,2023,3993446887350.673,139.5056151606663,0,1,1,1,37.5,3,1,3,1,3,sentinel_2_12000_chiba_2023-Q2.tif,viirs_12000_chiba_2023-Q2.tif,1786.992804281524
7,4,2022,3880440088794.578,136.4362131047677,0,1,1,1,150.0,3,1,2,1,3,sentinel_2_22000_shizuoka_2022-Q4.tif,viirs_22000_shizuoka_2022-Q4.tif,1765.647416318962
77,1,2021,4247588558872.2593,120.6838014481023,1,1,0,1,180.0,2,0,1,0,5,sentinel_2_20000_nagano_2021-Q1.tif,viirs_20000_nagano_2021-Q1.tif,1738.067485733361
73,3,2023,3993446887350.673,140.714328844415,1,0,0,1,100.0,2,1,2,1,3,sentinel_2_09000_tochigi_2023-Q3.tif,viirs_09000_tochigi_2023-Q3.tif,1558.5728529462592
2,2,2022,3880440088794.578,134.1731806810651,0,1,1,1,450.0,2,1,1,0,5,sentinel_2_05000_akita_2022-Q2.tif,viirs_05000_akita_2022-Q2.tif,1281.0805098609164
88,1,2022,3880440088794.578,130.2983261906564,0,1,1,1,30.0,3,1,3,1,3,sentinel_2_14000_kanagawa_2022-Q1.tif,viirs_14000_kanagawa_2022-Q1.tif,1918.0501338439483
61,3,2022,3880440088794.578,135.9371046973515,0,1,1,1,680.0,2,0,2,1,3,sentinel_2_34000_hiroshima_2022-Q3.tif,viirs_34000_hiroshima_2022-Q3.tif,1598.525563719086
31,4,2020,4069008481605.98,119.4024762808857,1,0,0,1,22.5,2,1,2,1,3,sentinel_2_11000_saitama_2020-Q4.tif,viirs_11000_saitama_2020-Q4.tif,1917.914856391547
53,1,2023,3993446887350.673,137.8618440412342,0,1,1,1,250.0,2,1,1,1,3,sentinel_2_15000_niigata_2023-Q1.tif,viirs_15000_niigata_2023-Q1.tif,1723.0002782799268
10,2,2020,4069008481605.98,117.7956988014519,0,1,1,1,900.0,3,1,2,1,3,sentinel_2_43000_kumamoto_2020-Q2.tif,viirs_43000_kumamoto_2020-Q2.tif,3471.8989871316144
77,4,2022,3880440088794.578,136.4362131047677,1,1,0,1,180.0,2,0,1,0,5,sentinel_2_20000_nagano_2022-Q4.tif,viirs_20000_nagano_2022-Q4.tif,1684.4993052130064
55,4,2021,4247588558872.2593,127.389433729792,0,0,1,1,450.0,3,1,3,1,3,sentinel_2_30000_wakayama_2021-Q4.tif,viirs_30000_wakayama_2021-Q4.tif,1817.143245226796
68,3,2019,4070264756531.522,117.6899153350103,0,1,1,0,1550.0,2,1,3,0,3,sentinel_2_47000_okinawa_2019-Q3.tif,viirs_47000_okinawa_2019-Q3.tif,2454.5800142470803
81,1,2023,3993446887350.673,137.8618440412342,0,1,1,1,260.0,3,1,2,1,3,sentinel_2_23000_aichi_2023-Q1.tif,viirs_23000_aichi_2023-Q1.tif,1589.4074562368085
16,2,2024,3928801383782.808,143.9682405014625,0,1,1,1,260.0,2,1,1,1,3,sentinel_2_16000_toyama_2024-Q2.tif,viirs_16000_toyama_2024-Q2.tif,1565.4901260613883
40,2,2021,4247588558872.2593,123.5075473904579,0,1,1,1,0.0,3,1,2,1,3,sentinel_2_13000_tokyo_2021-Q2.tif,viirs_13000_tokyo_2021-Q2.tif,2930.1305209631028
98,1,2023,3993446887350.673,137.8618440412342,0,1,1,1,670.0,2,1,2,1,3,sentinel_2_38000_ehime_2023-Q1.tif,viirs_38000_ehime_2023-Q1.tif,1535.6909141317385
38,4,2019,4070264756531.522,117.9406160358257,0,1,1,1,540.0,2,1,2,1,3,sentinel_2_33000_okayama_2019-Q4.tif,viirs_33000_okayama_2019-Q4.tif,1771.7628985217898
88,1,2020,4069008481605.98,118.4352913210933,0,1,1,1,30.0,3,1,1,1,3,sentinel_2_14000_kanagawa_2020-Q1.tif,viirs_14000_kanagawa_2020-Q1.tif,2081.1098733049757
10,3,2021,4247588558872.2593,125.4848727349994,0,1,1,1,900.0,3,1,3,1,3,sentinel_2_43000_kumamoto_2021-Q3.tif,viirs_43000_kumamoto_2021-Q3.tif,1814.2449980068875
16,3,2020,4069008481605.98,119.1285399053605,0,1,1,1,260.0,2,1,2,0,3,sentinel_2_16000_toyama_2020-Q3.tif,viirs_16000_toyama_2020-Q3.tif,1997.0280810200816
58,1,2019,4070264756531.522,115.9781187205398,0,0,1,1,320.0,3,1,3,1,3,sentinel_2_24000_mie_2019-Q1.tif,viirs_24000_mie_2019-Q1.tif,1649.115552629319
60,3,2020,4069008481605.98,119.1285399053605,1,0,0,1,340.0,2,1,1,1,3,sentinel_2_25000_shiga_2020-Q3.tif,viirs_25000_shiga_2020-Q3.tif,1999.5183521436832
26,2,2024,3928801383782.808,143.9682405014625,1,0,0,1,100.0,3,1,1,1,3,sentinel_2_10000_gunma_2024-Q2.tif,viirs_10000_gunma_2024-Q2.tif,1446.6609173377549
81,3,2020,4069008481605.98,119.1285399053605,0,1,1,1,260.0,3,1,3,1,3,sentinel_2_23000_aichi_2020-Q3.tif,viirs_23000_aichi_2020-Q3.tif,2057.922870448432
14,2,2019,4070264756531.522,117.3681318135368,0,1,1,1,450.0,3,1,1,1,5,sentinel_2_03000_iwate_2019-Q2.tif,viirs_03000_iwate_2019-Q2.tif,1683.5974691429883
31,4,2021,4247588558872.2593,127.389433729792,1,0,0,1,22.5,2,1,1,1,3,sentinel_2_11000_saitama_2021-Q4.tif,viirs_11000_saitama_2021-Q4.tif,1693.8152610334791
59,1,2020,4069008481605.98,118.4352913210933,0,1,1,1,770.0,2,1,2,1,3,sentinel_2_44000_oita_2020-Q1.tif,viirs_44000_oita_2020-Q1.tif,2085.927851342218
22,2,2019,4070264756531.522,117.3681318135368,0,1,1,1,500.0,2,1,2,1,3,sentinel_2_31000_tottori_2019-Q2.tif,viirs_31000_tottori_2019-Q2.tif,1689.002218969555
57,3,2019,4070264756531.522,117.6899153350103,1,0,0,1,370.0,2,0,1,0,3,sentinel_2_26000_kyoto_2019-Q3.tif,viirs_26000_kyoto_2019-Q3.tif,2063.02078661569
60,4,2022,3880440088794.578,136.4362131047677,1,0,0,1,340.0,2,0,2,1,3,sentinel_2_25000_shiga_2022-Q4.tif,viirs_25000_shiga_2022-Q4.tif,1601.5506380460292
102,2,2020,4069008481605.98,117.7956988014519,0,1,1,1,100.0,3,1,2,1,3,sentinel_2_08000_ibaraki_2020-Q2.tif,viirs_08000_ibaraki_2020-Q2.tif,1772.440373284735
40,2,2023,3993446887350.673,139.5056151606663,0,1,1,1,0.0,3,1,2,1,3,sentinel_2_13000_tokyo_2023-Q2.tif,viirs_13000_tokyo_2023-Q2.tif,2470.023206220536
55,3,2022,3880440088794.578,135.9371046973515,0,1,1,1,450.0,3,1,3,1,3,sentinel_2_30000_wakayama_2022-Q3.tif,viirs_30000_wakayama_2022-Q3.tif,1522.3602695121456
27,4,2023,3993446887350.673,140.8613862067226,0,0,1,1,320.0,2,1,2,1,3,sentinel_2_18000_fukui_2023-Q4.tif,viirs_18000_fukui_2023-Q4.tif,1988.1263561939631
35,1,2019,4070264756531.522,115.9781187205398,0,1,1,1,650.0,2,1,2,1,3,sentinel_2_32000_shimane_2019-Q1.tif,viirs_32000_shimane_2019-Q1.tif,1714.530334583498
106,4,2024,3928801383782.808,144.7279859179582,0,1,1,1,830.0,3,1,1,0,6,sentinel_2_01000_hokkaido_2024-Q4.tif,viirs_01000_hokkaido_2024-Q4.tif,1824.2054955540443
16,3,2024,3928801383782.808,144.403145070865,0,1,1,1,260.0,2,1,1,1,3,sentinel_2_16000_toyama_2024-Q3.tif,viirs_16000_toyama_2024-Q3.tif,1738.7607848871546
27,3,2020,4069008481605.98,119.1285399053605,0,0,1,1,320.0,2,1,1,1,3,sentinel_2_18000_fukui_2020-Q3.tif,viirs_18000_fukui_2020-Q3.tif,1916.944887049584
14,4,2022,3880440088794.578,136.4362131047677,0,1,1,1,450.0,3,1,1,1,5,sentinel_2_03000_iwate_2022-Q4.tif,viirs_03000_iwate_2022-Q4.tif,1508.4314259961816
45,3,2020,4069008481605.98,119.1285399053605,1,0,0,1,110.0,2,0,1,0,3,sentinel_2_19000_yamanashi_2020-Q3.tif,viirs_19000_yamanashi_2020-Q3.tif,1958.6951650769645
102,1,2024,3928801383782.808,142.3299725681459,0,1,1,1,100.0,3,1,2,1,3,sentinel_2_08000_ibaraki_2024-Q1.tif,viirs_08000_ibaraki_2024-Q1.tif,1495.628032073507
72,4,2022,3880440088794.578,136.4362131047677,0,1,1,1,540.0,2,0,2,1,3,sentinel_2_37000_kagawa_2022-Q4.tif,viirs_37000_kagawa_2022-Q4.tif,1460.3392689256682
31,1,2023,3993446887350.673,137.8618440412342,1,0,0,1,22.5,2,1,1,1,3,sentinel_2_11000_saitama_2023-Q1.tif,viirs_11000_saitama_2023-Q1.tif,1665.8299022507072
53,3,2022,3880440088794.578,135.9371046973515,0,1,1,1,250.0,2,1,1,1,3,sentinel_2_15000_niigata_2022-Q3.tif,viirs_15000_niigata_2022-Q3.tif,1646.3553628768714
8,4,2022,3880440088794.578,136.4362131047677,1,0,0,1,270.0,2,1,2,1,3,sentinel_2_21000_gifu_2022-Q4.tif,viirs_21000_gifu_2022-Q4.tif,1643.5608159107423
69,2,2020,4069008481605.98,117.7956988014519,0,1,1,1,900.0,2,1,2,1,3,sentinel_2_41000_saga_2020-Q2.tif,viirs_41000_saga_2020-Q2.tif,2502.111013275806
38,1,2020,4069008481605.98,118.4352913210933,0,1,1,1,540.0,2,1,1,1,3,sentinel_2_33000_okayama_2020-Q1.tif,viirs_33000_okayama_2020-Q1.tif,1827.1652747463256
40,2,2019,4070264756531.522,117.3681318135368,0,1,1,1,0.0,3,1,2,1,3,sentinel_2_13000_tokyo_2019-Q2.tif,viirs_13000_tokyo_2019-Q2.tif,2571.943172245162
15,2,2023,3993446887350.673,139.5056151606663,0,1,1,1,1200.0,2,1,3,1,3,sentinel_2_42000_nagasaki_2023-Q2.tif,viirs_42000_nagasaki_2023-Q2.tif,1611.1427120371634
56,3,2020,4069008481605.98,119.1285399053605,0,1,1,1,37.5,3,1,3,1,3,sentinel_2_12000_chiba_2020-Q3.tif,viirs_12000_chiba_2020-Q3.tif,1966.3306398809093
44,3,2020,4069008481605.98,119.1285399053605,0,1,1,1,430.0,3,1,3,1,3,sentinel_2_28000_hyogo_2020-Q3.tif,viirs_28000_hyogo_2020-Q3.tif,2144.665480726416
81,4,2022,3880440088794.578,136.4362131047677,0,1,1,1,260.0,3,1,3,1,3,sentinel_2_23000_aichi_2022-Q4.tif,viirs_23000_aichi_2022-Q4.tif,1585.5241380643276
37,2,2019,4070264756531.522,117.3681318135368,0,1,1,1,575.0,2,0,1,0,5,sentinel_2_02000_aomori_2019-Q2.tif,viirs_02000_aomori_2019-Q2.tif,1815.483737774364
110,3,2020,4069008481605.98,119.1285399053605,0,1,1,1,300.0,3,1,2,1,3,sentinel_2_04000_miyagi_2020-Q3.tif,viirs_04000_miyagi_2020-Q3.tif,2083.390320849991
21,4,2022,3880440088794.578,136.4362131047677,0,1,1,1,500.0,3,1,3,1,3,sentinel_2_36000_tokushima_2022-Q4.tif,viirs_36000_tokushima_2022-Q4.tif,1479.7275257459728
37,1,2021,4247588558872.2593,120.6838014481023,0,1,1,1,575.0,2,1,1,1,5,sentinel_2_02000_aomori_2021-Q1.tif,viirs_02000_aomori_2021-Q1.tif,2321.6454081452757
66,3,2019,4070264756531.522,117.6899153350103,0,1,1,1,800.0,2,1,2,1,3,sentinel_2_35000_yamaguchi_2019-Q3.tif,viirs_35000_yamaguchi_2019-Q3.tif,1854.7327095529008
111,4,2023,3993446887350.673,140.8613862067226,1,1,0,1,250.0,3,1,2,1,3,sentinel_2_07000_fukushima_2023-Q4.tif,viirs_07000_fukushima_2023-Q4.tif,1854.9377642780148
73,4,2021,4247588558872.2593,127.389433729792,1,0,0,1,100.0,2,1,1,1,3,sentinel_2_09000_tochigi_2021-Q4.tif,viirs_09000_tochigi_2021-Q4.tif,1486.5915915003957
22,2,2024,3928801383782.808,143.9682405014625,0,1,1,1,500.0,2,0,1,1,3,sentinel_2_31000_tottori_2024-Q2.tif,viirs_31000_tottori_2024-Q2.tif,1191.6982315667478
40,3,2021,4247588558872.2593,125.4848727349994,0,1,1,1,0.0,3,1,2,1,3,sentinel_2_13000_tokyo_2021-Q3.tif,viirs_13000_tokyo_2021-Q3.tif,2845.262217463398
15,3,2021,4247588558872.2593,125.4848727349994,0,1,1,1,1200.0,2,1,3,1,3,sentinel_2_42000_nagasaki_2021-Q3.tif,viirs_42000_nagasaki_2021-Q3.tif,1654.7133046582112
26,3,2019,4070264756531.522,117.6899153350103,1,0,0,1,100.0,3,1,2,1,3,sentinel_2_10000_gunma_2019-Q3.tif,viirs_10000_gunma_2019-Q3.tif,1630.811795131895
22,1,2023,3993446887350.673,137.8618440412342,0,1,1,1,500.0,2,1,1,1,3,sentinel_2_31000_tottori_2023-Q1.tif,viirs_31000_tottori_2023-Q1.tif,1581.2601808133188
14,4,2021,4247588558872.2593,127.389433729792,0,1,1,1,450.0,3,1,1,1,5,sentinel_2_03000_iwate_2021-Q4.tif,viirs_03000_iwate_2021-Q4.tif,1659.3515144750197
115,3,2020,4069008481605.98,119.1285399053605,0,1,1,1,400.0,3,1,3,1,3,sentinel_2_27000_osaka_2020-Q3.tif,viirs_27000_osaka_2020-Q3.tif,2145.2770989598857
110,2,2019,4070264756531.522,117.3681318135368,0,1,1,1,300.0,3,1,2,1,3,sentinel_2_04000_miyagi_2019-Q2.tif,viirs_04000_miyagi_2019-Q2.tif,1990.6842594880525
111,3,2023,3993446887350.673,140.714328844415,1,1,0,1,250.0,3,1,2,1,3,sentinel_2_07000_fukushima_2023-Q3.tif,viirs_07000_fukushima_2023-Q3.tif,1528.7281646102092
68,2,2023,3993446887350.673,139.5056151606663,0,1,1,1,1550.0,2,1,3,1,3,sentinel_2_47000_okinawa_2023-Q2.tif,viirs_47000_okinawa_2023-Q2.tif,1909.310824852422
72,2,2020,4069008481605.98,117.7956988014519,0,1,1,1,540.0,2,0,2,1,3,sentinel_2_37000_kagawa_2020-Q2.tif,viirs_37000_kagawa_2020-Q2.tif,2386.262551845121
37,2,2024,3928801383782.808,143.9682405014625,0,1,1,1,575.0,2,1,1,0,5,sentinel_2_02000_aomori_2024-Q2.tif,viirs_02000_aomori_2024-Q2.tif,1665.029608460704
15,3,2022,3880440088794.578,135.9371046973515,0,1,1,1,1200.0,2,1,2,1,3,sentinel_2_42000_nagasaki_2022-Q3.tif,viirs_42000_nagasaki_2022-Q3.tif,2101.6021691998217
72,3,2024,3928801383782.808,144.403145070865,0,1,1,1,540.0,2,0,2,0,3,sentinel_2_37000_kagawa_2024-Q3.tif,viirs_37000_kagawa_2024-Q3.tif,2292.6982082614554
69,4,2019,4070264756531.522,117.9406160358257,0,1,1,1,900.0,2,1,2,1,3,sentinel_2_41000_saga_2019-Q4.tif,viirs_41000_saga_2019-Q4.tif,1614.2783451824598
110,1,2020,4069008481605.98,118.4352913210933,0,1,1,1,300.0,3,1,2,1,3,sentinel_2_04000_miyagi_2020-Q1.tif,viirs_04000_miyagi_2020-Q1.tif,1866.9029308947315
77,4,2024,3928801383782.808,144.7279859179582,1,1,0,1,180.0,2,1,1,0,5,sentinel_2_20000_nagano_2024-Q4.tif,viirs_20000_nagano_2024-Q4.tif,1970.054698198615
57,3,2021,4247588558872.2593,125.4848727349994,1,1,0,1,370.0,2,0,2,0,3,sentinel_2_26000_kyoto_2021-Q3.tif,viirs_26000_kyoto_2021-Q3.tif,2196.859537229536
37,3,2020,4069008481605.98,119.1285399053605,0,1,1,1,575.0,2,1,1,0,5,sentinel_2_02000_aomori_2020-Q3.tif,viirs_02000_aomori_2020-Q3.tif,1799.443479474542
68,2,2022,3880440088794.578,134.1731806810651,0,1,1,0,1550.0,2,1,3,0,3,sentinel_2_47000_okinawa_2022-Q2.tif,viirs_47000_okinawa_2022-Q2.tif,2032.5665933107173
17,4,2023,3993446887350.673,140.8613862067226,0,1,1,1,625.0,3,1,3,1,3,sentinel_2_39000_kochi_2023-Q4.tif,viirs_39000_kochi_2023-Q4.tif,1808.361501689863
66,1,2024,3928801383782.808,142.3299725681459,0,1,1,1,800.0,2,0,2,1,3,sentinel_2_35000_yamaguchi_2024-Q1.tif,viirs_35000_yamaguchi_2024-Q1.tif,2042.1540027928431
37,1,2024,3928801383782.808,142.3299725681459,0,1,1,1,575.0,2,1,1,0,5,sentinel_2_02000_aomori_2024-Q1.tif,viirs_02000_aomori_2024-Q1.tif,1602.3818345965226
102,1,2019,4070264756531.522,115.9781187205398,0,1,1,1,100.0,3,1,3,1,3,sentinel_2_08000_ibaraki_2019-Q1.tif,viirs_08000_ibaraki_2019-Q1.tif,1740.043581626737
40,4,2022,3880440088794.578,136.4362131047677,0,1,1,1,0.0,3,1,2,1,3,sentinel_2_13000_tokyo_2022-Q4.tif,viirs_13000_tokyo_2022-Q4.tif,2247.0841197024274
17,1,2020,4069008481605.98,118.4352913210933,0,1,1,1,625.0,3,1,3,1,3,sentinel_2_39000_kochi_2020-Q1.tif,viirs_39000_kochi_2020-Q1.tif,2077.086277191155
1,1,2024,3928801383782.808,142.3299725681459,1,0,0,1,370.0,2,1,1,0,3,sentinel_2_29000_nara_2024-Q1.tif,viirs_29000_nara_2024-Q1.tif,1960.603096000758
98,1,2020,4069008481605.98,118.4352913210933,0,1,1,1,670.0,2,1,3,1,3,sentinel_2_38000_ehime_2020-Q1.tif,viirs_38000_ehime_2020-Q1.tif,1750.7137503686083
57,4,2020,4069008481605.98,119.4024762808857,1,0,0,1,370.0,2,1,2,1,3,sentinel_2_26000_kyoto_2020-Q4.tif,viirs_26000_kyoto_2020-Q4.tif,2464.6267549716185
38,2,2021,4247588558872.2593,123.5075473904579,0,1,1,1,540.0,2,1,2,1,3,sentinel_2_33000_okayama_2021-Q2.tif,viirs_33000_okayama_2021-Q2.tif,1742.7710461529143
61,1,2019,4070264756531.522,115.9781187205398,0,1,1,1,680.0,2,1,3,1,3,sentinel_2_34000_hiroshima_2019-Q1.tif,viirs_34000_hiroshima_2019-Q1.tif,1897.2235680813285
53,2,2023,3993446887350.673,139.5056151606663,0,1,1,1,250.0,2,1,1,1,3,sentinel_2_15000_niigata_2023-Q2.tif,viirs_15000_niigata_2023-Q2.tif,1614.742848293136
16,4,2020,4069008481605.98,119.4024762808857,0,1,1,1,260.0,2,1,2,0,3,sentinel_2_16000_toyama_2020-Q4.tif,viirs_16000_toyama_2020-Q4.tif,2285.3223291860795
12,1,2024,3928801383782.808,142.3299725681459,0,1,1,1,970.0,3,1,3,1,3,sentinel_2_46000_kagoshima_2024-Q1.tif,viirs_46000_kagoshima_2024-Q1.tif,1843.1056860419264
102,2,2023,3993446887350.673,139.5056151606663,0,1,1,1,100.0,3,1,3,1,3,sentinel_2_08000_ibaraki_2023-Q2.tif,viirs_08000_ibaraki_2023-Q2.tif,1763.7108053345823
98,1,2022,3880440088794.578,130.2983261906564,0,1,1,1,670.0,2,1,3,1,3,sentinel_2_38000_ehime_2022-Q1.tif,viirs_38000_ehime_2022-Q1.tif,1613.5413061513357
40,1,2022,3880440088794.578,130.2983261906564,0,1,1,1,0.0,3,1,2,1,3,sentinel_2_13000_tokyo_2022-Q1.tif,viirs_13000_tokyo_2022-Q1.tif,2624.085677180834
16,4,2024,3928801383782.808,144.7279859179582,0,1,1,1,260.0,2,1,1,1,3,sentinel_2_16000_toyama_2024-Q4.tif,viirs_16000_toyama_2024-Q4.tif,1645.459006645542
58,4,2022,3880440088794.578,136.4362131047677,0,0,1,1,320.0,3,1,3,1,3,sentinel_2_24000_mie_2022-Q4.tif,viirs_24000_mie_2022-Q4.tif,1589.2617831957182
70,2,2019,4070264756531.522,117.3681318135368,0,1,1,1,880.0,2,1,2,1,3,sentinel_2_40000_fukuoka_2019-Q2.tif,viirs_40000_fukuoka_2019-Q2.tif,1697.63616933023
102,4,2020,4069008481605.98,119.4024762808857,0,1,1,1,100.0,3,1,2,1,3,sentinel_2_08000_ibaraki_2020-Q4.tif,viirs_08000_ibaraki_2020-Q4.tif,1759.8190721600183
7,4,2024,3928801383782.808,144.7279859179582,0,1,1,1,150.0,3,1,3,1,3,sentinel_2_22000_shizuoka_2024-Q4.tif,viirs_22000_shizuoka_2024-Q4.tif,1711.8012027036464
12,4,2024,3928801383782.808,144.7279859179582,0,1,1,1,970.0,3,1,3,1,3,sentinel_2_46000_kagoshima_2024-Q4.tif,viirs_46000_kagoshima_2024-Q4.tif,1625.198629312012
54,4,2019,4070264756531.522,117.9406160358257,1,1,0,1,300.0,2,1,2,1,5,sentinel_2_06000_yamagata_2019-Q4.tif,viirs_06000_yamagata_2019-Q4.tif,1853.6133787937083
35,3,2019,4070264756531.522,117.6899153350103,0,1,1,1,650.0,2,1,2,1,3,sentinel_2_32000_shimane_2019-Q3.tif,viirs_32000_shimane_2019-Q3.tif,1893.121617830388
60,1,2022,3880440088794.578,130.2983261906564,1,0,0,1,340.0,2,0,2,1,3,sentinel_2_25000_shiga_2022-Q1.tif,viirs_25000_shiga_2022-Q1.tif,1796.1085037558537
37,4,2022,3880440088794.578,136.4362131047677,0,1,1,1,575.0,2,1,1,1,5,sentinel_2_02000_aomori_2022-Q4.tif,viirs_02000_aomori_2022-Q4.tif,1450.6814456382642
15,1,2019,4070264756531.522,115.9781187205398,0,1,1,1,1200.0,2,1,3,1,3,sentinel_2_42000_nagasaki_2019-Q1.tif,viirs_42000_nagasaki_2019-Q1.tif,1915.3299772406149
88,4,2023,3993446887350.673,140.8613862067226,0,1,1,1,30.0,3,1,3,1,3,sentinel_2_14000_kanagawa_2023-Q4.tif,viirs_14000_kanagawa_2023-Q4.tif,1730.0596129209669
45,1,2019,4070264756531.522,115.9781187205398,1,0,0,1,110.0,2,0,2,1,3,sentinel_2_19000_yamanashi_2019-Q1.tif,viirs_19000_yamanashi_2019-Q1.tif,1777.848720517475
73,3,2019,4070264756531.522,117.6899153350103,1,0,0,1,100.0,2,1,1,1,3,sentinel_2_09000_tochigi_2019-Q3.tif,viirs_09000_tochigi_2019-Q3.tif,1840.0767483417185
81,1,2024,3928801383782.808,142.3299725681459,0,1,1,1,260.0,3,1,2,1,3,sentinel_2_23000_aichi_2024-Q1.tif,viirs_23000_aichi_2024-Q1.tif,1699.5843497295753
1,3,2019,4070264756531.522,117.6899153350103,1,0,0,1,370.0,2,1,2,1,3,sentinel_2_29000_nara_2019-Q3.tif,viirs_29000_nara_2019-Q3.tif,1951.1933107860505
88,3,2021,4247588558872.2593,125.4848727349994,0,1,1,1,30.0,3,1,2,1,3,sentinel_2_14000_kanagawa_2021-Q3.tif,viirs_14000_kanagawa_2021-Q3.tif,1826.659569388994
56,3,2019,4070264756531.522,117.6899153350103,0,1,1,1,37.5,3,1,3,1,3,sentinel_2_12000_chiba_2019-Q3.tif,viirs_12000_chiba_2019-Q3.tif,1824.1074254760176
81,4,2020,4069008481605.98,119.4024762808857,0,1,1,1,260.0,3,1,3,1,3,sentinel_2_23000_aichi_2020-Q4.tif,viirs_23000_aichi_2020-Q4.tif,2116.7492603262585
14,4,2023,3993446887350.673,140.8613862067226,0,1,1,1,450.0,3,1,1,0,5,sentinel_2_03000_iwate_2023-Q4.tif,viirs_03000_iwate_2023-Q4.tif,1663.0400265490182
58,2,2021,4247588558872.2593,123.5075473904579,0,1,1,1,320.0,3,1,3,1,3,sentinel_2_24000_mie_2021-Q2.tif,viirs_24000_mie_2021-Q2.tif,1897.2963736134
17,1,2024,3928801383782.808,142.3299725681459,0,1,1,1,625.0,3,1,3,1,3,sentinel_2_39000_kochi_2024-Q1.tif,viirs_39000_kochi_2024-Q1.tif,1695.9626521328294
55,1,2021,4247588558872.2593,120.6838014481023,0,0,1,1,450.0,3,1,3,1,3,sentinel_2_30000_wakayama_2021-Q1.tif,viirs_30000_wakayama_2021-Q1.tif,1706.994656956885
8,4,2019,4070264756531.522,117.9406160358257,1,0,0,1,270.0,2,1,1,1,3,sentinel_2_21000_gifu_2019-Q4.tif,viirs_21000_gifu_2019-Q4.tif,1956.2359169606832
45,3,2023,3993446887350.673,140.714328844415,1,0,0,1,110.0,2,0,1,1,3,sentinel_2_19000_yamanashi_2023-Q3.tif,viirs_19000_yamanashi_2023-Q3.tif,1924.601501794888
70,1,2023,3993446887350.673,137.8618440412342,0,1,1,1,880.0,2,1,3,1,3,sentinel_2_40000_fukuoka_2023-Q1.tif,viirs_40000_fukuoka_2023-Q1.tif,1612.498769742195
8,3,2019,4070264756531.522,117.6899153350103,1,0,0,1,270.0,2,1,1,1,3,sentinel_2_21000_gifu_2019-Q3.tif,viirs_21000_gifu_2019-Q3.tif,2341.81133718417
61,1,2024,3928801383782.808,142.3299725681459,0,1,1,1,680.0,2,1,2,1,3,sentinel_2_34000_hiroshima_2024-Q1.tif,viirs_34000_hiroshima_2024-Q1.tif,1607.7791498457066
68,4,2019,4070264756531.522,117.9406160358257,0,1,1,0,1550.0,2,1,3,0,3,sentinel_2_47000_okinawa_2019-Q4.tif,viirs_47000_okinawa_2019-Q4.tif,2144.440305190225
1,4,2020,4069008481605.98,119.4024762808857,1,0,0,1,370.0,2,1,1,1,3,sentinel_2_29000_nara_2020-Q4.tif,viirs_29000_nara_2020-Q4.tif,2073.215221878895
70,3,2022,3880440088794.578,135.9371046973515,0,1,1,1,880.0,2,1,2,1,3,sentinel_2_40000_fukuoka_2022-Q3.tif,viirs_40000_fukuoka_2022-Q3.tif,1463.7320630253628
31,2,2024,3928801383782.808,143.9682405014625,1,0,0,1,22.5,2,1,2,1,3,sentinel_2_11000_saitama_2024-Q2.tif,viirs_11000_saitama_2024-Q2.tif,1564.067462405411
8,1,2019,4070264756531.522,115.9781187205398,1,0,0,1,270.0,2,1,1,1,3,sentinel_2_21000_gifu_2019-Q1.tif,viirs_21000_gifu_2019-Q1.tif,1695.9327695887257
31,1,2019,4070264756531.522,115.9781187205398,1,0,0,1,22.5,2,1,1,1,3,sentinel_2_11000_saitama_2019-Q1.tif,viirs_11000_saitama_2019-Q1.tif,1653.8919218530432
11,2,2020,4069008481605.98,117.7956988014519,0,1,1,1,870.0,2,1,3,1,3,sentinel_2_45000_miyazaki_2020-Q2.tif,viirs_45000_miyazaki_2020-Q2.tif,1658.7754122934427
22,1,2019,4070264756531.522,115.9781187205398,0,1,1,1,500.0,2,1,2,1,3,sentinel_2_31000_tottori_2019-Q1.tif,viirs_31000_tottori_2019-Q1.tif,2026.815658893143
68,4,2020,4069008481605.98,119.4024762808857,0,1,1,0,1550.0,2,1,3,0,3,sentinel_2_47000_okinawa_2020-Q4.tif,viirs_47000_okinawa_2020-Q4.tif,2800.657407616001
16,2,2020,4069008481605.98,117.7956988014519,0,1,1,1,260.0,2,1,2,0,3,sentinel_2_16000_toyama_2020-Q2.tif,viirs_16000_toyama_2020-Q2.tif,1957.9205176335709
59,4,2022,3880440088794.578,136.4362131047677,0,1,1,1,770.0,2,1,2,1,3,sentinel_2_44000_oita_2022-Q4.tif,viirs_44000_oita_2022-Q4.tif,1681.7215827166476
57,2,2022,3880440088794.578,134.1731806810651,1,0,0,1,370.0,2,1,2,1,3,sentinel_2_26000_kyoto_2022-Q2.tif,viirs_26000_kyoto_2022-Q2.tif,1967.5969170349997
35,2,2024,3928801383782.808,143.9682405014625,0,1,1,1,650.0,2,1,2,1,3,sentinel_2_32000_shimane_2024-Q2.tif,viirs_32000_shimane_2024-Q2.tif,3628.201593983225
81,2,2019,4070264756531.522,117.3681318135368,0,1,1,1,260.0,3,1,2,1,3,sentinel_2_23000_aichi_2019-Q2.tif,viirs_23000_aichi_2019-Q2.tif,1918.959421680823
14,4,2024,3928801383782.808,144.7279859179582,0,1,1,1,450.0,3,1,1,1,5,sentinel_2_03000_iwate_2024-Q4.tif,viirs_03000_iwate_2024-Q4.tif,1672.6332283714523
98,4,2023,3993446887350.673,140.8613862067226,0,1,1,1,670.0,2,1,2,1,3,sentinel_2_38000_ehime_2023-Q4.tif,viirs_38000_ehime_2023-Q4.tif,1362.8165685206627
31,4,2023,3993446887350.673,140.8613862067226,1,0,0,1,22.5,2,1,1,1,3,sentinel_2_11000_saitama_2023-Q4.tif,viirs_11000_saitama_2023-Q4.tif,1618.8858724260415
14,4,2019,4070264756531.522,117.9406160358257,0,1,1,1,450.0,3,1,1,1,5,sentinel_2_03000_iwate_2019-Q4.tif,viirs_03000_iwate_2019-Q4.tif,1762.368237249475
73,3,2020,4069008481605.98,119.1285399053605,1,0,0,1,100.0,2,1,2,1,3,sentinel_2_09000_tochigi_2020-Q3.tif,viirs_09000_tochigi_2020-Q3.tif,2183.945300562928
88,1,2024,3928801383782.808,142.3299725681459,0,1,1,1,30.0,3,1,2,1,3,sentinel_2_14000_kanagawa_2024-Q1.tif,viirs_14000_kanagawa_2024-Q1.tif,1929.1056715650789
57,3,2023,3993446887350.673,140.714328844415,1,0,0,1,370.0,2,0,2,1,3,sentinel_2_26000_kyoto_2023-Q3.tif,viirs_26000_kyoto_2023-Q3.tif,1904.4366125659667
7,4,2019,4070264756531.522,117.9406160358257,0,1,1,1,150.0,3,1,2,1,3,sentinel_2_22000_shizuoka_2019-Q4.tif,viirs_22000_shizuoka_2019-Q4.tif,2010.7028742381056
15,2,2021,4247588558872.2593,123.5075473904579,0,1,1,1,1200.0,2,1,3,1,3,sentinel_2_42000_nagasaki_2021-Q2.tif,viirs_42000_nagasaki_2021-Q2.tif,1977.580129862948
70,1,2019,4070264756531.522,115.9781187205398,0,1,1,1,880.0,2,1,2,1,3,sentinel_2_40000_fukuoka_2019-Q1.tif,viirs_40000_fukuoka_2019-Q1.tif,1811.457015933995
69,1,2020,4069008481605.98,118.4352913210933,0,1,1,1,900.0,2,1,2,1,3,sentinel_2_41000_saga_2020-Q1.tif,viirs_41000_saga_2020-Q1.tif,2223.629255345578
27,3,2023,3993446887350.673,140.714328844415,0,0,1,1,320.0,2,1,2,1,3,sentinel_2_18000_fukui_2023-Q3.tif,viirs_18000_fukui_2023-Q3.tif,1918.872076159183
60,3,2022,3880440088794.578,135.9371046973515,1,0,0,1,340.0,2,0,2,1,3,sentinel_2_25000_shiga_2022-Q3.tif,viirs_25000_shiga_2022-Q3.tif,1523.00289289647
115,2,2022,3880440088794.578,134.1731806810651,0,1,1,1,400.0,3,1,2,1,3,sentinel_2_27000_osaka_2022-Q2.tif,viirs_27000_osaka_2022-Q2.tif,1731.474980916165
59,1,2024,3928801383782.808,142.3299725681459,0,1,1,1,770.0,2,0,2,0,3,sentinel_2_44000_oita_2024-Q1.tif,viirs_44000_oita_2024-Q1.tif,1687.9191556967771
10,3,2022,3880440088794.578,135.9371046973515,0,1,1,1,900.0,3,1,2,1,3,sentinel_2_43000_kumamoto_2022-Q3.tif,viirs_43000_kumamoto_2022-Q3.tif,1402.0476722110948
6,3,2022,3880440088794.578,135.9371046973515,0,1,1,1,270.0,2,1,1,1,3,sentinel_2_17000_ishikawa_2022-Q3.tif,viirs_17000_ishikawa_2022-Q3.tif,1441.1101422733416
11,3,2024,3928801383782.808,144.403145070865,0,1,1,1,870.0,2,1,3,1,3,sentinel_2_45000_miyazaki_2024-Q3.tif,viirs_45000_miyazaki_2024-Q3.tif,1811.997245302655
77,3,2020,4069008481605.98,119.1285399053605,1,1,0,1,180.0,2,1,1,0,5,sentinel_2_20000_nagano_2020-Q3.tif,viirs_20000_nagano_2020-Q3.tif,2419.900569479545
45,1,2020,4069008481605.98,118.4352913210933,1,0,0,1,110.0,2,0,1,0,3,sentinel_2_19000_yamanashi_2020-Q1.tif,viirs_19000_yamanashi_2020-Q1.tif,2257.7087441187537
73,1,2019,4070264756531.522,115.9781187205398,1,0,0,1,100.0,2,1,1,1,3,sentinel_2_09000_tochigi_2019-Q1.tif,viirs_09000_tochigi_2019-Q1.tif,1523.7848109381555
40,1,2020,4069008481605.98,118.4352913210933,0,1,1,1,0.0,3,1,2,1,3,sentinel_2_13000_tokyo_2020-Q1.tif,viirs_13000_tokyo_2020-Q1.tif,2847.167816325447
44,3,2024,3928801383782.808,144.403145070865,0,1,1,1,430.0,3,1,2,1,3,sentinel_2_28000_hyogo_2024-Q3.tif,viirs_28000_hyogo_2024-Q3.tif,1754.390633208756
69,2,2022,3880440088794.578,134.1731806810651,0,1,1,1,900.0,2,1,2,1,3,sentinel_2_41000_saga_2022-Q2.tif,viirs_41000_saga_2022-Q2.tif,2050.463184496027
54,2,2024,3928801383782.808,143.9682405014625,1,1,0,1,300.0,2,1,1,1,5,sentinel_2_06000_yamagata_2024-Q2.tif,viirs_06000_yamagata_2024-Q2.tif,1549.6839594369046
106,3,2019,4070264756531.522,117.6899153350103,0,1,1,1,830.0,3,1,1,0,6,sentinel_2_01000_hokkaido_2019-Q3.tif,viirs_01000_hokkaido_2019-Q3.tif,1926.6113232182192
38,1,2022,3880440088794.578,130.2983261906564,0,1,1,1,540.0,2,1,1,0,3,sentinel_2_33000_okayama_2022-Q1.tif,viirs_33000_okayama_2022-Q1.tif,1684.0026779636664
53,4,2019,4070264756531.522,117.9406160358257,0,1,1,1,250.0,2,1,2,1,3,sentinel_2_15000_niigata_2019-Q4.tif,viirs_15000_niigata_2019-Q4.tif,1699.3587289822233
27,1,2019,4070264756531.522,115.9781187205398,0,0,1,1,320.0,2,1,1,1,3,sentinel_2_18000_fukui_2019-Q1.tif,viirs_18000_fukui_2019-Q1.tif,1887.518395833231
56,2,2019,4070264756531.522,117.3681318135368,0,1,1,1,37.5,3,1,3,1,3,sentinel_2_12000_chiba_2019-Q2.tif,viirs_12000_chiba_2019-Q2.tif,1820.2516902254688
16,1,2023,3993446887350.673,137.8618440412342,0,1,1,1,260.0,2,1,1,1,3,sentinel_2_16000_toyama_2023-Q1.tif,viirs_16000_toyama_2023-Q1.tif,1339.508870726111
69,3,2019,4070264756531.522,117.6899153350103,0,1,1,1,900.0,2,1,2,1,3,sentinel_2_41000_saga_2019-Q3.tif,viirs_41000_saga_2019-Q3.tif,1524.5381964961457
45,4,2020,4069008481605.98,119.4024762808857,1,0,0,1,110.0,2,0,1,0,3,sentinel_2_19000_yamanashi_2020-Q4.tif,viirs_19000_yamanashi_2020-Q4.tif,2004.3585570089567
56,4,2020,4069008481605.98,119.4024762808857,0,1,1,1,37.5,3,1,3,1,3,sentinel_2_12000_chiba_2020-Q4.tif,viirs_12000_chiba_2020-Q4.tif,2198.112740862093
102,1,2023,3993446887350.673,137.8618440412342,0,1,1,1,100.0,3,1,3,1,3,sentinel_2_08000_ibaraki_2023-Q1.tif,viirs_08000_ibaraki_2023-Q1.tif,1406.3992853374991
31,1,2020,4069008481605.98,118.4352913210933,1,0,0,1,22.5,2,1,2,1,3,sentinel_2_11000_saitama_2020-Q1.tif,viirs_11000_saitama_2020-Q1.tif,1927.5929675655284
58,3,2023,3993446887350.673,140.714328844415,0,1,1,1,320.0,3,1,3,1,3,sentinel_2_24000_mie_2023-Q3.tif,viirs_24000_mie_2023-Q3.tif,1612.67732714888
69,1,2021,4247588558872.2593,120.6838014481023,0,1,1,1,900.0,2,1,2,1,3,sentinel_2_41000_saga_2021-Q1.tif,viirs_41000_saga_2021-Q1.tif,2044.07486966033
45,2,2022,3880440088794.578,134.1731806810651,1,0,0,1,110.0,2,0,1,1,3,sentinel_2_19000_yamanashi_2022-Q2.tif,viirs_19000_yamanashi_2022-Q2.tif,1727.9494383831066
70,2,2022,3880440088794.578,134.1731806810651,0,1,1,1,880.0,2,1,2,1,3,sentinel_2_40000_fukuoka_2022-Q2.tif,viirs_40000_fukuoka_2022-Q2.tif,1618.7070646712918
81,3,2019,4070264756531.522,117.6899153350103,0,1,1,1,260.0,3,1,2,1,3,sentinel_2_23000_aichi_2019-Q3.tif,viirs_23000_aichi_2019-Q3.tif,1825.2109074628167
70,1,2022,3880440088794.578,130.2983261906564,0,1,1,1,880.0,2,1,2,1,3,sentinel_2_40000_fukuoka_2022-Q1.tif,viirs_40000_fukuoka_2022-Q1.tif,1680.3601296268546
57,3,2022,3880440088794.578,135.9371046973515,1,0,0,1,370.0,2,1,2,1,3,sentinel_2_26000_kyoto_2022-Q3.tif,viirs_26000_kyoto_2022-Q3.tif,1930.1841795797825
27,4,2020,4069008481605.98,119.4024762808857,0,0,1,1,320.0,2,1,1,1,3,sentinel_2_18000_fukui_2020-Q4.tif,viirs_18000_fukui_2020-Q4.tif,2215.3038293674567
56,2,2021,4247588558872.2593,123.5075473904579,0,1,1,1,37.5,3,1,3,1,3,sentinel_2_12000_chiba_2021-Q2.tif,viirs_12000_chiba_2021-Q2.tif,1820.4800517491096
35,4,2022,3880440088794.578,136.4362131047677,0,1,1,1,650.0,2,1,2,1,3,sentinel_2_32000_shimane_2022-Q4.tif,viirs_32000_shimane_2022-Q4.tif,1645.577918016277
31,3,2021,4247588558872.2593,125.4848727349994,1,0,0,1,22.5,2,1,1,1,3,sentinel_2_11000_saitama_2021-Q3.tif,viirs_11000_saitama_2021-Q3.tif,1804.4382758400625
27,2,2020,4069008481605.98,117.7956988014519,0,0,1,1,320.0,2,1,1,1,3,sentinel_2_18000_fukui_2020-Q2.tif,viirs_18000_fukui_2020-Q2.tif,1786.2850225781672
40,3,2024,3928801383782.808,144.403145070865,0,1,1,1,0.0,3,1,2,1,3,sentinel_2_13000_tokyo_2024-Q3.tif,viirs_13000_tokyo_2024-Q3.tif,2692.795334319999
60,1,2024,3928801383782.808,142.3299725681459,1,0,0,1,340.0,2,1,2,1,3,sentinel_2_25000_shiga_2024-Q1.tif,viirs_25000_shiga_2024-Q1.tif,2280.482138425658
60,4,2020,4069008481605.98,119.4024762808857,1,0,0,1,340.0,2,1,1,1,3,sentinel_2_25000_shiga_2020-Q4.tif,viirs_25000_shiga_2020-Q4.tif,2138.145391212857
27,2,2023,3993446887350.673,139.5056151606663,0,0,1,1,320.0,2,1,2,1,3,sentinel_2_18000_fukui_2023-Q2.tif,viirs_18000_fukui_2023-Q2.tif,1643.871980898154
58,4,2019,4070264756531.522,117.9406160358257,0,0,1,1,320.0,3,1,3,1,3,sentinel_2_24000_mie_2019-Q4.tif,viirs_24000_mie_2019-Q4.tif,1866.541399479532
38,2,2022,3880440088794.578,134.1731806810651,0,1,1,1,540.0,2,1,1,0,3,sentinel_2_33000_okayama_2022-Q2.tif,viirs_33000_okayama_2022-Q2.tif,1476.5366973769476
35,1,2022,3880440088794.578,130.2983261906564,0,1,1,1,650.0,2,1,2,1,3,sentinel_2_32000_shimane_2022-Q1.tif,viirs_32000_shimane_2022-Q1.tif,1985.3146178404468
59,2,2024,3928801383782.808,143.9682405014625,0,1,1,1,770.0,2,0,2,0,3,sentinel_2_44000_oita_2024-Q2.tif,viirs_44000_oita_2024-Q2.tif,1673.5785263625369
58,1,2024,3928801383782.808,142.3299725681459,0,0,1,1,320.0,3,1,3,1,3,sentinel_2_24000_mie_2024-Q1.tif,viirs_24000_mie_2024-Q1.tif,1581.196790147702
7,3,2024,3928801383782.808,144.403145070865,0,1,1,1,150.0,3,1,3,1,3,sentinel_2_22000_shizuoka_2024-Q3.tif,viirs_22000_shizuoka_2024-Q3.tif,1847.8121499034496
102,3,2022,3880440088794.578,135.9371046973515,0,1,1,1,100.0,3,1,2,1,3,sentinel_2_08000_ibaraki_2022-Q3.tif,viirs_08000_ibaraki_2022-Q3.tif,1434.7083528040112
102,3,2019,4070264756531.522,117.6899153350103,0,1,1,1,100.0,3,1,3,1,3,sentinel_2_08000_ibaraki_2019-Q3.tif,viirs_08000_ibaraki_2019-Q3.tif,1665.570374708905
66,4,2019,4070264756531.522,117.9406160358257,0,1,1,1,800.0,2,1,2,1,3,sentinel_2_35000_yamaguchi_2019-Q4.tif,viirs_35000_yamaguchi_2019-Q4.tif,1903.878088513839
17,2,2022,3880440088794.578,134.1731806810651,0,1,1,1,625.0,3,1,3,1,3,sentinel_2_39000_kochi_2022-Q2.tif,viirs_39000_kochi_2022-Q2.tif,1484.2942408396948
56,1,2021,4247588558872.2593,120.6838014481023,0,1,1,1,37.5,3,1,3,1,3,sentinel_2_12000_chiba_2021-Q1.tif,viirs_12000_chiba_2021-Q1.tif,1975.098590938227
70,4,2019,4070264756531.522,117.9406160358257,0,1,1,1,880.0,2,1,2,1,3,sentinel_2_40000_fukuoka_2019-Q4.tif,viirs_40000_fukuoka_2019-Q4.tif,1889.368557711168
16,4,2021,4247588558872.2593,127.389433729792,0,1,1,1,260.0,2,1,2,1,3,sentinel_2_16000_toyama_2021-Q4.tif,viirs_16000_toyama_2021-Q4.tif,1575.0172643293322
26,3,2020,4069008481605.98,119.1285399053605,1,0,0,1,100.0,3,0,2,1,3,sentinel_2_10000_gunma_2020-Q3.tif,viirs_10000_gunma_2020-Q3.tif,1862.1685271999493
60,2,2021,4247588558872.2593,123.5075473904579,1,0,0,1,340.0,2,1,2,1,3,sentinel_2_25000_shiga_2021-Q2.tif,viirs_25000_shiga_2021-Q2.tif,1735.7818346726388
61,4,2022,3880440088794.578,136.4362131047677,0,1,1,1,680.0,2,0,2,1,3,sentinel_2_34000_hiroshima_2022-Q4.tif,viirs_34000_hiroshima_2022-Q4.tif,1548.4506060276178
7,3,2022,3880440088794.578,135.9371046973515,0,1,1,1,150.0,3,1,2,1,3,sentinel_2_22000_shizuoka_2022-Q3.tif,viirs_22000_shizuoka_2022-Q3.tif,1397.4026448291752
88,3,2024,3928801383782.808,144.403145070865,0,1,1,1,30.0,3,1,2,1,3,sentinel_2_14000_kanagawa_2024-Q3.tif,viirs_14000_kanagawa_2024-Q3.tif,2228.286244681789
106,4,2022,3880440088794.578,136.4362131047677,0,1,1,1,830.0,3,1,1,0,6,sentinel_2_01000_hokkaido_2022-Q4.tif,viirs_01000_hokkaido_2022-Q4.tif,1550.3106318736277
55,2,2021,4247588558872.2593,123.5075473904579,0,0,1,1,450.0,3,1,3,1,3,sentinel_2_30000_wakayama_2021-Q2.tif,viirs_30000_wakayama_2021-Q2.tif,1841.075998783925
72,3,2021,4247588558872.2593,125.4848727349994,0,1,1,1,540.0,2,0,2,1,3,sentinel_2_37000_kagawa_2021-Q3.tif,viirs_37000_kagawa_2021-Q3.tif,1884.6945917427377
70,1,2020,4069008481605.98,118.4352913210933,0,1,1,1,880.0,2,1,2,1,3,sentinel_2_40000_fukuoka_2020-Q1.tif,viirs_40000_fukuoka_2020-Q1.tif,1823.2130614157293
77,2,2021,4247588558872.2593,123.5075473904579,1,1,0,1,180.0,2,0,1,0,5,sentinel_2_20000_nagano_2021-Q2.tif,viirs_20000_nagano_2021-Q2.tif,1929.06608711857
73,4,2020,4069008481605.98,119.4024762808857,1,0,0,1,100.0,2,1,2,1,3,sentinel_2_09000_tochigi_2020-Q4.tif,viirs_09000_tochigi_2020-Q4.tif,2296.263728267701
72,2,2023,3993446887350.673,139.5056151606663,0,1,1,1,540.0,2,0,2,1,3,sentinel_2_37000_kagawa_2023-Q2.tif,viirs_37000_kagawa_2023-Q2.tif,2019.69295313534
35,4,2021,4247588558872.2593,127.389433729792,0,1,1,1,650.0,2,1,2,0,3,sentinel_2_32000_shimane_2021-Q4.tif,viirs_32000_shimane_2021-Q4.tif,1665.857884293459
37,4,2023,3993446887350.673,140.8613862067226,0,1,1,1,575.0,2,0,1,1,5,sentinel_2_02000_aomori_2023-Q4.tif,viirs_02000_aomori_2023-Q4.tif,1845.6216790323208
56,3,2021,4247588558872.2593,125.4848727349994,0,1,1,1,37.5,3,1,3,1,3,sentinel_2_12000_chiba_2021-Q3.tif,viirs_12000_chiba_2021-Q3.tif,1877.921045155936
68,1,2024,3928801383782.808,142.3299725681459,0,1,1,0,1550.0,2,1,3,1,3,sentinel_2_47000_okinawa_2024-Q1.tif,viirs_47000_okinawa_2024-Q1.tif,1921.814160706133
2,2,2020,4069008481605.98,117.7956988014519,0,1,1,1,450.0,2,1,1,0,5,sentinel_2_05000_akita_2020-Q2.tif,viirs_05000_akita_2020-Q2.tif,1563.2593049476393
98,2,2023,3993446887350.673,139.5056151606663,0,1,1,1,670.0,2,1,2,1,3,sentinel_2_38000_ehime_2023-Q2.tif,viirs_38000_ehime_2023-Q2.tif,1567.3521970976485
35,2,2022,3880440088794.578,134.1731806810651,0,1,1,1,650.0,2,1,2,1,3,sentinel_2_32000_shimane_2022-Q2.tif,viirs_32000_shimane_2022-Q2.tif,1580.045362211927
15,1,2023,3993446887350.673,137.8618440412342,0,1,1,1,1200.0,2,1,3,1,3,sentinel_2_42000_nagasaki_2023-Q1.tif,viirs_42000_nagasaki_2023-Q1.tif,1644.001319881277
2,4,2021,4247588558872.2593,127.389433729792,0,1,1,1,450.0,2,1,1,0,5,sentinel_2_05000_akita_2021-Q4.tif,viirs_05000_akita_2021-Q4.tif,1588.0446331630558
55,4,2023,3993446887350.673,140.8613862067226,0,1,1,1,450.0,3,1,3,1,3,sentinel_2_30000_wakayama_2023-Q4.tif,viirs_30000_wakayama_2023-Q4.tif,1447.7852897274934
8,2,2023,3993446887350.673,139.5056151606663,1,0,0,1,270.0,2,1,2,1,3,sentinel_2_21000_gifu_2023-Q2.tif,viirs_21000_gifu_2023-Q2.tif,1535.574823242409
10,2,2019,4070264756531.522,117.3681318135368,0,1,1,1,900.0,3,1,2,0,3,sentinel_2_43000_kumamoto_2019-Q2.tif,viirs_43000_kumamoto_2019-Q2.tif,1872.0457024676448
38,2,2023,3993446887350.673,139.5056151606663,0,1,1,1,540.0,2,1,1,1,3,sentinel_2_33000_okayama_2023-Q2.tif,viirs_33000_okayama_2023-Q2.tif,1831.5930620746008
57,4,2023,3993446887350.673,140.8613862067226,1,0,0,1,370.0,2,0,2,1,3,sentinel_2_26000_kyoto_2023-Q4.tif,viirs_26000_kyoto_2023-Q4.tif,2010.6994133751864
110,1,2019,4070264756531.522,115.9781187205398,0,1,1,1,300.0,3,1,2,1,3,sentinel_2_04000_miyagi_2019-Q1.tif,viirs_04000_miyagi_2019-Q1.tif,1653.7514701204425
38,3,2022,3880440088794.578,135.9371046973515,0,1,1,1,540.0,2,1,1,0,3,sentinel_2_33000_okayama_2022-Q3.tif,viirs_33000_okayama_2022-Q3.tif,1503.6031643912854
8,2,2019,4070264756531.522,117.3681318135368,1,0,0,1,270.0,2,1,1,1,3,sentinel_2_21000_gifu_2019-Q2.tif,viirs_21000_gifu_2019-Q2.tif,1650.0139784315486
12,3,2022,3880440088794.578,135.9371046973515,0,1,1,1,970.0,3,1,3,1,3,sentinel_2_46000_kagoshima_2022-Q3.tif,viirs_46000_kagoshima_2022-Q3.tif,1373.4090993735244
7,3,2019,4070264756531.522,117.6899153350103,0,1,1,1,150.0,3,1,2,1,3,sentinel_2_22000_shizuoka_2019-Q3.tif,viirs_22000_shizuoka_2019-Q3.tif,1855.871898521591
15,2,2024,3928801383782.808,143.9682405014625,0,1,1,1,1200.0,2,1,2,1,3,sentinel_2_42000_nagasaki_2024-Q2.tif,viirs_42000_nagasaki_2024-Q2.tif,1607.2988924878298
15,4,2022,3880440088794.578,136.4362131047677,0,1,1,1,1200.0,2,1,2,1,3,sentinel_2_42000_nagasaki_2022-Q4.tif,viirs_42000_nagasaki_2022-Q4.tif,1621.2900500743362
40,4,2024,3928801383782.808,144.7279859179582,0,1,1,1,0.0,3,1,2,1,3,sentinel_2_13000_tokyo_2024-Q4.tif,viirs_13000_tokyo_2024-Q4.tif,2522.261797416693
21,2,2024,3928801383782.808,143.9682405014625,0,1,1,1,500.0,3,1,2,1,3,sentinel_2_36000_tokushima_2024-Q2.tif,viirs_36000_tokushima_2024-Q2.tif,1609.518480911705
6,2,2024,3928801383782.808,143.9682405014625,0,1,1,1,270.0,2,1,2,1,3,sentinel_2_17000_ishikawa_2024-Q2.tif,viirs_17000_ishikawa_2024-Q2.tif,1568.498521149739
40,2,2024,3928801383782.808,143.9682405014625,0,1,1,1,0.0,3,1,2,1,3,sentinel_2_13000_tokyo_2024-Q2.tif,viirs_13000_tokyo_2024-Q2.tif,2338.892416587923
26,3,2021,4247588558872.2593,125.4848727349994,1,0,0,1,100.0,3,0,1,1,3,sentinel_2_10000_gunma_2021-Q3.tif,viirs_10000_gunma_2021-Q3.tif,1388.4484796203164
12,4,2019,4070264756531.522,117.9406160358257,0,1,1,1,970.0,3,1,3,1,3,sentinel_2_46000_kagoshima_2019-Q4.tif,viirs_46000_kagoshima_2019-Q4.tif,1620.6488296824875
21,4,2023,3993446887350.673,140.8613862067226,0,1,1,1,500.0,3,1,3,1,3,sentinel_2_36000_tokushima_2023-Q4.tif,viirs_36000_tokushima_2023-Q4.tif,1968.8260888952552
111,1,2020,4069008481605.98,118.4352913210933,0,1,1,1,250.0,3,1,3,1,3,sentinel_2_07000_fukushima_2020-Q1.tif,viirs_07000_fukushima_2020-Q1.tif,2065.1952015340967
72,2,2019,4070264756531.522,117.3681318135368,0,1,1,1,540.0,2,0,2,1,3,sentinel_2_37000_kagawa_2019-Q2.tif,viirs_37000_kagawa_2019-Q2.tif,1571.98529943262
21,2,2021,4247588558872.2593,123.5075473904579,0,1,1,1,500.0,3,1,3,1,3,sentinel_2_36000_tokushima_2021-Q2.tif,viirs_36000_tokushima_2021-Q2.tif,1932.121960759247
58,4,2024,3928801383782.808,144.7279859179582,0,0,1,1,320.0,3,1,3,1,3,sentinel_2_24000_mie_2024-Q4.tif,viirs_24000_mie_2024-Q4.tif,1614.8717457463306
58,2,2020,4069008481605.98,117.7956988014519,0,0,1,1,320.0,3,1,2,1,3,sentinel_2_24000_mie_2020-Q2.tif,viirs_24000_mie_2020-Q2.tif,1710.333518681229
66,1,2021,4247588558872.2593,120.6838014481023,0,1,1,1,800.0,2,0,2,0,3,sentinel_2_35000_yamaguchi_2021-Q1.tif,viirs_35000_yamaguchi_2021-Q1.tif,1877.4162207639004
44,3,2019,4070264756531.522,117.6899153350103,0,1,1,1,430.0,3,1,2,1,3,sentinel_2_28000_hyogo_2019-Q3.tif,viirs_28000_hyogo_2019-Q3.tif,1981.6513291528613
15,2,2022,3880440088794.578,134.1731806810651,0,1,1,1,1200.0,2,1,2,1,3,sentinel_2_42000_nagasaki_2022-Q2.tif,viirs_42000_nagasaki_2022-Q2.tif,1643.512568284078
56,3,2024,3928801383782.808,144.403145070865,0,1,1,1,37.5,3,1,3,1,3,sentinel_2_12000_chiba_2024-Q3.tif,viirs_12000_chiba_2024-Q3.tif,1724.9051953250785
35,4,2024,3928801383782.808,144.7279859179582,0,1,1,1,650.0,2,1,2,1,3,sentinel_2_32000_shimane_2024-Q4.tif,viirs_32000_shimane_2024-Q4.tif,1689.628537717896
115,1,2020,4069008481605.98,118.4352913210933,0,1,1,1,400.0,3,1,3,1,3,sentinel_2_27000_osaka_2020-Q1.tif,viirs_27000_osaka_2020-Q1.tif,1901.4944029331768
60,3,2024,3928801383782.808,144.403145070865,1,0,0,1,340.0,2,1,2,1,3,sentinel_2_25000_shiga_2024-Q3.tif,viirs_25000_shiga_2024-Q3.tif,2780.406815485671
68,3,2020,4069008481605.98,119.1285399053605,0,1,1,0,1550.0,2,1,3,0,3,sentinel_2_47000_okinawa_2020-Q3.tif,viirs_47000_okinawa_2020-Q3.tif,2626.599359717308
66,3,2024,3928801383782.808,144.403145070865,0,1,1,1,800.0,2,0,2,1,3,sentinel_2_35000_yamaguchi_2024-Q3.tif,viirs_35000_yamaguchi_2024-Q3.tif,1772.8627579266558
70,2,2020,4069008481605.98,117.7956988014519,0,1,1,1,880.0,2,1,2,1,3,sentinel_2_40000_fukuoka_2020-Q2.tif,viirs_40000_fukuoka_2020-Q2.tif,1975.2535936298043
57,2,2021,4247588558872.2593,123.5075473904579,1,1,0,1,370.0,2,0,2,0,3,sentinel_2_26000_kyoto_2021-Q2.tif,viirs_26000_kyoto_2021-Q2.tif,2324.648661952492
8,2,2022,3880440088794.578,134.1731806810651,1,0,0,1,270.0,2,1,2,1,3,sentinel_2_21000_gifu_2022-Q2.tif,viirs_21000_gifu_2022-Q2.tif,1670.5142119518555
56,2,2022,3880440088794.578,134.1731806810651,0,1,1,1,37.5,3,1,3,1,3,sentinel_2_12000_chiba_2022-Q2.tif,viirs_12000_chiba_2022-Q2.tif,1524.2346348437252
53,3,2024,3928801383782.808,144.403145070865,0,1,1,1,250.0,2,1,1,1,3,sentinel_2_15000_niigata_2024-Q3.tif,viirs_15000_niigata_2024-Q3.tif,1825.9879505880808
26,1,2024,3928801383782.808,142.3299725681459,1,0,0,1,100.0,3,1,1,1,3,sentinel_2_10000_gunma_2024-Q1.tif,viirs_10000_gunma_2024-Q1.tif,1683.851250391868
81,4,2024,3928801383782.808,144.7279859179582,0,1,1,1,260.0,3,1,2,1,3,sentinel_2_23000_aichi_2024-Q4.tif,viirs_23000_aichi_2024-Q4.tif,1646.6859336795233
73,1,2023,3993446887350.673,137.8618440412342,1,0,0,1,100.0,2,1,2,1,3,sentinel_2_09000_tochigi_2023-Q1.tif,viirs_09000_tochigi_2023-Q1.tif,1582.6230539929882
14,3,2021,4247588558872.2593,125.4848727349994,0,1,1,1,450.0,3,1,1,1,5,sentinel_2_03000_iwate_2021-Q3.tif,viirs_03000_iwate_2021-Q3.tif,1589.042048350088
115,4,2020,4069008481605.98,119.4024762808857,0,1,1,1,400.0,3,1,3,1,3,sentinel_2_27000_osaka_2020-Q4.tif,viirs_27000_osaka_2020-Q4.tif,2305.498627732836
16,4,2019,4070264756531.522,117.9406160358257,0,1,1,1,260.0,2,1,2,1,3,sentinel_2_16000_toyama_2019-Q4.tif,viirs_16000_toyama_2019-Q4.tif,1521.5093330516204
7,2,2019,4070264756531.522,117.3681318135368,0,1,1,1,150.0,3,1,2,1,3,sentinel_2_22000_shizuoka_2019-Q2.tif,viirs_22000_shizuoka_2019-Q2.tif,1891.7773498195115
55,2,2020,4069008481605.98,117.7956988014519,0,1,1,1,450.0,3,1,3,1,3,sentinel_2_30000_wakayama_2020-Q2.tif,viirs_30000_wakayama_2020-Q2.tif,1772.6062088676592
12,3,2021,4247588558872.2593,125.4848727349994,0,1,1,1,970.0,3,1,3,1,3,sentinel_2_46000_kagoshima_2021-Q3.tif,viirs_46000_kagoshima_2021-Q3.tif,1868.26197274065
2,3,2024,3928801383782.808,144.403145070865,0,1,1,1,450.0,2,1,1,0,5,sentinel_2_05000_akita_2024-Q3.tif,viirs_05000_akita_2024-Q3.tif,1766.5844795684764
7,3,2023,3993446887350.673,140.714328844415,0,1,1,1,150.0,3,1,3,1,3,sentinel_2_22000_shizuoka_2023-Q3.tif,viirs_22000_shizuoka_2023-Q3.tif,1785.9374819506206
7,2,2021,4247588558872.2593,123.5075473904579,0,1,1,1,150.0,3,1,2,1,3,sentinel_2_22000_shizuoka_2021-Q2.tif,viirs_22000_shizuoka_2021-Q2.tif,1790.203579819217
110,2,2021,4247588558872.2593,123.5075473904579,0,1,1,1,300.0,3,1,2,1,3,sentinel_2_04000_miyagi_2021-Q2.tif,viirs_04000_miyagi_2021-Q2.tif,1664.2674058782686
35,1,2021,4247588558872.2593,120.6838014481023,0,1,1,1,650.0,2,1,2,0,3,sentinel_2_32000_shimane_2021-Q1.tif,viirs_32000_shimane_2021-Q1.tif,2388.353443463588
16,1,2024,3928801383782.808,142.3299725681459,0,1,1,1,260.0,2,1,1,1,3,sentinel_2_16000_toyama_2024-Q1.tif,viirs_16000_toyama_2024-Q1.tif,2652.2521805358733
59,3,2024,3928801383782.808,144.403145070865,0,1,1,1,770.0,2,0,2,0,3,sentinel_2_44000_oita_2024-Q3.tif,viirs_44000_oita_2024-Q3.tif,1994.2345549423444
110,1,2022,3880440088794.578,130.2983261906564,0,1,1,1,300.0,3,1,3,1,3,sentinel_2_04000_miyagi_2022-Q1.tif,viirs_04000_miyagi_2022-Q1.tif,1720.626797464408
15,4,2024,3928801383782.808,144.7279859179582,0,1,1,1,1200.0,2,1,2,1,3,sentinel_2_42000_nagasaki_2024-Q4.tif,viirs_42000_nagasaki_2024-Q4.tif,1706.3073389601082
88,2,2023,3993446887350.673,139.5056151606663,0,1,1,1,30.0,3,1,3,1,3,sentinel_2_14000_kanagawa_2023-Q2.tif,viirs_14000_kanagawa_2023-Q2.tif,1832.4648485718776
106,3,2020,4069008481605.98,119.1285399053605,0,1,1,1,830.0,3,0,1,0,6,sentinel_2_01000_hokkaido_2020-Q3.tif,viirs_01000_hokkaido_2020-Q3.tif,2002.147907718492
38,3,2020,4069008481605.98,119.1285399053605,0,1,1,1,540.0,2,1,1,1,3,sentinel_2_33000_okayama_2020-Q3.tif,viirs_33000_okayama_2020-Q3.tif,1974.048858058252
38,4,2023,3993446887350.673,140.8613862067226,0,1,1,1,540.0,2,1,1,1,3,sentinel_2_33000_okayama_2023-Q4.tif,viirs_33000_okayama_2023-Q4.tif,1671.842442790345
15,4,2019,4070264756531.522,117.9406160358257,0,1,1,1,1200.0,2,1,3,1,3,sentinel_2_42000_nagasaki_2019-Q4.tif,viirs_42000_nagasaki_2019-Q4.tif,1942.669630839344
45,4,2023,3993446887350.673,140.8613862067226,1,0,0,1,110.0,2,0,1,1,3,sentinel_2_19000_yamanashi_2023-Q4.tif,viirs_19000_yamanashi_2023-Q4.tif,2202.945532356979
8,3,2021,4247588558872.2593,125.4848727349994,1,0,0,1,270.0,2,1,2,1,3,sentinel_2_21000_gifu_2021-Q3.tif,viirs_21000_gifu_2021-Q3.tif,1721.512044091481
56,4,2024,3928801383782.808,144.7279859179582,0,1,1,1,37.5,3,1,3,1,3,sentinel_2_12000_chiba_2024-Q4.tif,viirs_12000_chiba_2024-Q4.tif,1792.644246445123
98,1,2019,4070264756531.522,115.9781187205398,0,1,1,1,670.0,2,1,2,1,3,sentinel_2_38000_ehime_2019-Q1.tif,viirs_38000_ehime_2019-Q1.tif,1463.884732951242
22,2,2022,3880440088794.578,134.1731806810651,0,1,1,1,500.0,2,1,2,1,3,sentinel_2_31000_tottori_2022-Q2.tif,viirs_31000_tottori_2022-Q2.tif,1510.4020082668862
66,1,2023,3993446887350.673,137.8618440412342,0,1,1,1,800.0,2,0,2,0,3,sentinel_2_35000_yamaguchi_2023-Q1.tif,viirs_35000_yamaguchi_2023-Q1.tif,1661.0702427447288
66,2,2022,3880440088794.578,134.1731806810651,0,1,1,1,800.0,2,1,2,1,3,sentinel_2_35000_yamaguchi_2022-Q2.tif,viirs_35000_yamaguchi_2022-Q2.tif,1637.2435502161625
17,4,2019,4070264756531.522,117.9406160358257,0,1,1,1,625.0,3,1,3,1,3,sentinel_2_39000_kochi_2019-Q4.tif,viirs_39000_kochi_2019-Q4.tif,1899.7600336172973
68,3,2021,4247588558872.2593,125.4848727349994,0,1,1,1,1550.0,2,1,3,1,3,sentinel_2_47000_okinawa_2021-Q3.tif,viirs_47000_okinawa_2021-Q3.tif,2050.7521193112207
88,4,2022,3880440088794.578,136.4362131047677,0,1,1,1,30.0,3,1,3,1,3,sentinel_2_14000_kanagawa_2022-Q4.tif,viirs_14000_kanagawa_2022-Q4.tif,1700.4041839614777
45,3,2021,4247588558872.2593,125.4848727349994,1,0,0,1,110.0,2,0,1,0,3,sentinel_2_19000_yamanashi_2021-Q3.tif,viirs_19000_yamanashi_2021-Q3.tif,1650.9545844263089
10,4,2023,3993446887350.673,140.8613862067226,0,1,1,1,900.0,3,1,3,1,3,sentinel_2_43000_kumamoto_2023-Q4.tif,viirs_43000_kumamoto_2023-Q4.tif,2074.48022383494
68,2,2019,4070264756531.522,117.3681318135368,0,1,1,0,1550.0,2,1,3,0,3,sentinel_2_47000_okinawa_2019-Q2.tif,viirs_47000_okinawa_2019-Q2.tif,2387.287653310311
17,3,2019,4070264756531.522,117.6899153350103,0,1,1,1,625.0,3,1,3,1,3,sentinel_2_39000_kochi_2019-Q3.tif,viirs_39000_kochi_2019-Q3.tif,1919.2223977050264
102,2,2021,4247588558872.2593,123.5075473904579,0,1,1,1,100.0,3,1,2,1,3,sentinel_2_08000_ibaraki_2021-Q2.tif,viirs_08000_ibaraki_2021-Q2.tif,1620.903916134608
110,3,2022,3880440088794.578,135.9371046973515,0,1,1,1,300.0,3,1,3,1,3,sentinel_2_04000_miyagi_2022-Q3.tif,viirs_04000_miyagi_2022-Q3.tif,1586.8869031810875
77,2,2019,4070264756531.522,117.3681318135368,1,1,0,1,180.0,2,0,1,0,5,sentinel_2_20000_nagano_2019-Q2.tif,viirs_20000_nagano_2019-Q2.tif,1779.4061579671477
14,3,2020,4069008481605.98,119.1285399053605,0,1,1,1,450.0,3,1,1,0,5,sentinel_2_03000_iwate_2020-Q3.tif,viirs_03000_iwate_2020-Q3.tif,2220.7410730980955
115,4,2023,3993446887350.673,140.8613862067226,0,1,1,1,400.0,3,1,3,1,3,sentinel_2_27000_osaka_2023-Q4.tif,viirs_27000_osaka_2023-Q4.tif,1939.6398367430108
1,2,2020,4069008481605.98,117.7956988014519,1,0,0,1,370.0,2,1,1,1,3,sentinel_2_29000_nara_2020-Q2.tif,viirs_29000_nara_2020-Q2.tif,1790.8035275864152
26,2,2020,4069008481605.98,117.7956988014519,1,0,0,1,100.0,3,0,2,1,3,sentinel_2_10000_gunma_2020-Q2.tif,viirs_10000_gunma_2020-Q2.tif,1670.0558519768977
2,2,2023,3993446887350.673,139.5056151606663,0,1,1,1,450.0,2,0,1,0,5,sentinel_2_05000_akita_2023-Q2.tif,viirs_05000_akita_2023-Q2.tif,1702.1886205748767
10,4,2022,3880440088794.578,136.4362131047677,0,1,1,1,900.0,3,1,2,1,3,sentinel_2_43000_kumamoto_2022-Q4.tif,viirs_43000_kumamoto_2022-Q4.tif,1536.9377562794778
102,3,2020,4069008481605.98,119.1285399053605,0,1,1,1,100.0,3,1,2,1,3,sentinel_2_08000_ibaraki_2020-Q3.tif,viirs_08000_ibaraki_2020-Q3.tif,1883.5983140844
11,4,2023,3993446887350.673,140.8613862067226,0,1,1,1,870.0,2,1,3,1,3,sentinel_2_45000_miyazaki_2023-Q4.tif,viirs_45000_miyazaki_2023-Q4.tif,1665.5303001610391
60,2,2022,3880440088794.578,134.1731806810651,1,0,0,1,340.0,2,0,2,1,3,sentinel_2_25000_shiga_2022-Q2.tif,viirs_25000_shiga_2022-Q2.tif,1616.2304589912585
106,3,2023,3993446887350.673,140.714328844415,0,1,1,1,830.0,3,0,1,0,6,sentinel_2_01000_hokkaido_2023-Q3.tif,viirs_01000_hokkaido_2023-Q3.tif,2508.421727107279
27,4,2022,3880440088794.578,136.4362131047677,0,0,1,1,320.0,2,1,1,0,3,sentinel_2_18000_fukui_2022-Q4.tif,viirs_18000_fukui_2022-Q4.tif,1659.3451857718217
56,2,2024,3928801383782.808,143.9682405014625,0,1,1,1,37.5,3,1,3,1,3,sentinel_2_12000_chiba_2024-Q2.tif,viirs_12000_chiba_2024-Q2.tif,1874.5125984685133
27,1,2024,3928801383782.808,142.3299725681459,0,0,1,1,320.0,2,1,1,1,3,sentinel_2_18000_fukui_2024-Q1.tif,viirs_18000_fukui_2024-Q1.tif,1887.2570312474768
44,2,2024,3928801383782.808,143.9682405014625,0,1,1,1,430.0,3,1,2,1,3,sentinel_2_28000_hyogo_2024-Q2.tif,viirs_28000_hyogo_2024-Q2.tif,1985.1546263795424
37,4,2020,4069008481605.98,119.4024762808857,0,1,1,1,575.0,2,1,1,0,5,sentinel_2_02000_aomori_2020-Q4.tif,viirs_02000_aomori_2020-Q4.tif,1936.7279269382136
69,4,2023,3993446887350.673,140.8613862067226,0,1,1,1,900.0,2,1,2,1,3,sentinel_2_41000_saga_2023-Q4.tif,viirs_41000_saga_2023-Q4.tif,1756.054795682565
22,3,2019,4070264756531.522,117.6899153350103,0,1,1,1,500.0,2,1,2,1,3,sentinel_2_31000_tottori_2019-Q3.tif,viirs_31000_tottori_2019-Q3.tif,1762.1363449518349
73,3,2024,3928801383782.808,144.403145070865,1,0,0,1,100.0,2,1,1,0,3,sentinel_2_09000_tochigi_2024-Q3.tif,viirs_09000_tochigi_2024-Q3.tif,1947.812481116303
88,3,2022,3880440088794.578,135.9371046973515,0,1,1,1,30.0,3,1,3,1,3,sentinel_2_14000_kanagawa_2022-Q3.tif,viirs_14000_kanagawa_2022-Q3.tif,1709.9548611224154
58,1,2021,4247588558872.2593,120.6838014481023,0,1,1,1,320.0,3,1,3,1,3,sentinel_2_24000_mie_2021-Q1.tif,viirs_24000_mie_2021-Q1.tif,1787.7008325367306
55,1,2020,4069008481605.98,118.4352913210933,0,1,1,1,450.0,3,1,3,1,3,sentinel_2_30000_wakayama_2020-Q1.tif,viirs_30000_wakayama_2020-Q1.tif,1774.6513409797408
53,2,2020,4069008481605.98,117.7956988014519,0,1,1,1,250.0,2,1,1,1,3,sentinel_2_15000_niigata_2020-Q2.tif,viirs_15000_niigata_2020-Q2.tif,1750.7766883501588
115,2,2020,4069008481605.98,117.7956988014519,0,1,1,1,400.0,3,1,3,1,3,sentinel_2_27000_osaka_2020-Q2.tif,viirs_27000_osaka_2020-Q2.tif,2112.860475486505
111,4,2019,4070264756531.522,117.9406160358257,0,1,1,1,250.0,3,1,2,1,3,sentinel_2_07000_fukushima_2019-Q4.tif,viirs_07000_fukushima_2019-Q4.tif,1865.442928159241
16,1,2019,4070264756531.522,115.9781187205398,0,1,1,1,260.0,2,1,2,1,3,sentinel_2_16000_toyama_2019-Q1.tif,viirs_16000_toyama_2019-Q1.tif,1596.1232775428111
110,4,2021,4247588558872.2593,127.389433729792,0,1,1,1,300.0,3,1,2,1,3,sentinel_2_04000_miyagi_2021-Q4.tif,viirs_04000_miyagi_2021-Q4.tif,1705.6052961733678
14,1,2019,4070264756531.522,115.9781187205398,0,1,1,1,450.0,3,1,1,1,5,sentinel_2_03000_iwate_2019-Q1.tif,viirs_03000_iwate_2019-Q1.tif,1487.4392324376963
77,1,2022,3880440088794.578,130.2983261906564,1,1,0,1,180.0,2,0,1,0,5,sentinel_2_20000_nagano_2022-Q1.tif,viirs_20000_nagano_2022-Q1.tif,1760.8891826630188
111,4,2021,4247588558872.2593,127.389433729792,0,1,1,1,250.0,3,1,3,1,3,sentinel_2_07000_fukushima_2021-Q4.tif,viirs_07000_fukushima_2021-Q4.tif,1578.582929499733
61,3,2021,4247588558872.2593,125.4848727349994,0,1,1,1,680.0,2,1,2,1,3,sentinel_2_34000_hiroshima_2021-Q3.tif,viirs_34000_hiroshima_2021-Q3.tif,2021.6600584960777
8,1,2024,3928801383782.808,142.3299725681459,1,0,0,1,270.0,2,1,2,1,3,sentinel_2_21000_gifu_2024-Q1.tif,viirs_21000_gifu_2024-Q1.tif,1721.701574668389
102,4,2021,4247588558872.2593,127.389433729792,0,1,1,1,100.0,3,1,2,1,3,sentinel_2_08000_ibaraki_2021-Q4.tif,viirs_08000_ibaraki_2021-Q4.tif,1563.980561446306
81,1,2019,4070264756531.522,115.9781187205398,0,1,1,1,260.0,3,1,2,1,3,sentinel_2_23000_aichi_2019-Q1.tif,viirs_23000_aichi_2019-Q1.tif,1796.8792690365196
53,3,2021,4247588558872.2593,125.4848727349994,0,1,1,1,250.0,2,1,2,1,3,sentinel_2_15000_niigata_2021-Q3.tif,viirs_15000_niigata_2021-Q3.tif,1644.4191811557228
10,3,2019,4070264756531.522,117.6899153350103,0,1,1,1,900.0,3,1,2,0,3,sentinel_2_43000_kumamoto_2019-Q3.tif,viirs_43000_kumamoto_2019-Q3.tif,1776.89527390313
59,1,2021,4247588558872.2593,120.6838014481023,0,1,1,1,770.0,2,1,2,1,3,sentinel_2_44000_oita_2021-Q1.tif,viirs_44000_oita_2021-Q1.tif,1523.1500976770135
57,2,2019,4070264756531.522,117.3681318135368,1,0,0,1,370.0,2,0,1,0,3,sentinel_2_26000_kyoto_2019-Q2.tif,viirs_26000_kyoto_2019-Q2.tif,2065.932181300802
31,4,2019,4070264756531.522,117.9406160358257,1,0,0,1,22.5,2,1,1,1,3,sentinel_2_11000_saitama_2019-Q4.tif,viirs_11000_saitama_2019-Q4.tif,1811.2337373297887
88,1,2019,4070264756531.522,115.9781187205398,0,1,1,1,30.0,3,1,3,1,3,sentinel_2_14000_kanagawa_2019-Q1.tif,viirs_14000_kanagawa_2019-Q1.tif,1911.351544171219
45,4,2019,4070264756531.522,117.9406160358257,1,0,0,1,110.0,2,0,2,1,3,sentinel_2_19000_yamanashi_2019-Q4.tif,viirs_19000_yamanashi_2019-Q4.tif,1671.8928556716464
40,1,2024,3928801383782.808,142.3299725681459,0,1,1,1,0.0,3,1,2,1,3,sentinel_2_13000_tokyo_2024-Q1.tif,viirs_13000_tokyo_2024-Q1.tif,2530.570724453581
27,3,2024,3928801383782.808,144.403145070865,0,0,1,1,320.0,2,1,1,1,3,sentinel_2_18000_fukui_2024-Q3.tif,viirs_18000_fukui_2024-Q3.tif,1986.7255208110912
44,1,2022,3880440088794.578,130.2983261906564,0,1,1,1,430.0,3,1,2,1,3,sentinel_2_28000_hyogo_2022-Q1.tif,viirs_28000_hyogo_2022-Q1.tif,1781.4504421860056
16,3,2021,4247588558872.2593,125.4848727349994,0,1,1,1,260.0,2,1,2,1,3,sentinel_2_16000_toyama_2021-Q3.tif,viirs_16000_toyama_2021-Q3.tif,1813.794598100683
58,3,2022,3880440088794.578,135.9371046973515,0,0,1,1,320.0,3,1,3,1,3,sentinel_2_24000_mie_2022-Q3.tif,viirs_24000_mie_2022-Q3.tif,1409.4916917644616
102,2,2022,3880440088794.578,134.1731806810651,0,1,1,1,100.0,3,1,2,1,3,sentinel_2_08000_ibaraki_2022-Q2.tif,viirs_08000_ibaraki_2022-Q2.tif,1452.5029916145202
98,4,2022,3880440088794.578,136.4362131047677,0,1,1,1,670.0,2,1,3,1,3,sentinel_2_38000_ehime_2022-Q4.tif,viirs_38000_ehime_2022-Q4.tif,1363.3742836035494
57,2,2024,3928801383782.808,143.9682405014625,1,0,0,1,370.0,2,0,2,1,3,sentinel_2_26000_kyoto_2024-Q2.tif,viirs_26000_kyoto_2024-Q2.tif,1857.3236847681592
61,2,2024,3928801383782.808,143.9682405014625,0,1,1,1,680.0,2,1,2,1,3,sentinel_2_34000_hiroshima_2024-Q2.tif,viirs_34000_hiroshima_2024-Q2.tif,1768.2220283080917
40,1,2021,4247588558872.2593,120.6838014481023,0,1,1,1,0.0,3,1,2,1,3,sentinel_2_13000_tokyo_2021-Q1.tif,viirs_13000_tokyo_2021-Q1.tif,2771.1111685490355
70,3,2019,4070264756531.522,117.6899153350103,0,1,1,1,880.0,2,1,2,1,3,sentinel_2_40000_fukuoka_2019-Q3.tif,viirs_40000_fukuoka_2019-Q3.tif,1873.9078920534007
77,2,2020,4069008481605.98,117.7956988014519,1,1,0,1,180.0,2,1,1,0,5,sentinel_2_20000_nagano_2020-Q2.tif,viirs_20000_nagano_2020-Q2.tif,1957.3610836400017
16,2,2023,3993446887350.673,139.5056151606663,0,1,1,1,260.0,2,1,1,1,3,sentinel_2_16000_toyama_2023-Q2.tif,viirs_16000_toyama_2023-Q2.tif,1786.8935269687593
61,3,2020,4069008481605.98,119.1285399053605,0,1,1,1,680.0,2,1,2,1,3,sentinel_2_34000_hiroshima_2020-Q3.tif,viirs_34000_hiroshima_2020-Q3.tif,2098.670472613748
2,2,2021,4247588558872.2593,123.5075473904579,0,1,1,1,450.0,2,1,1,0,5,sentinel_2_05000_akita_2021-Q2.tif,viirs_05000_akita_2021-Q2.tif,2025.7627267618827
54,3,2020,4069008481605.98,119.1285399053605,1,1,0,1,300.0,2,1,2,1,5,sentinel_2_06000_yamagata_2020-Q3.tif,viirs_06000_yamagata_2020-Q3.tif,1892.9777087905563
72,2,2021,4247588558872.2593,123.5075473904579,0,1,1,1,540.0,2,0,2,1,3,sentinel_2_37000_kagawa_2021-Q2.tif,viirs_37000_kagawa_2021-Q2.tif,1694.732224816459
53,4,2023,3993446887350.673,140.8613862067226,0,1,1,1,250.0,2,1,1,1,3,sentinel_2_15000_niigata_2023-Q4.tif,viirs_15000_niigata_2023-Q4.tif,1579.9122481922143
1,3,2021,4247588558872.2593,125.4848727349994,1,0,0,1,370.0,2,1,2,1,3,sentinel_2_29000_nara_2021-Q3.tif,viirs_29000_nara_2021-Q3.tif,2035.192041589908
69,3,2023,3993446887350.673,140.714328844415,0,1,1,1,900.0,2,1,2,1,3,sentinel_2_41000_saga_2023-Q3.tif,viirs_41000_saga_2023-Q3.tif,1417.167178904055
21,2,2020,4069008481605.98,117.7956988014519,0,1,1,1,500.0,3,1,2,1,3,sentinel_2_36000_tokushima_2020-Q2.tif,viirs_36000_tokushima_2020-Q2.tif,2000.0487735643096
73,2,2023,3993446887350.673,139.5056151606663,1,0,0,1,100.0,2,1,2,1,3,sentinel_2_09000_tochigi_2023-Q2.tif,viirs_09000_tochigi_2023-Q2.tif,1771.0978059826512
54,1,2024,3928801383782.808,142.3299725681459,1,1,0,1,300.0,2,1,1,1,5,sentinel_2_06000_yamagata_2024-Q1.tif,viirs_06000_yamagata_2024-Q1.tif,1734.169745549514
12,2,2020,4069008481605.98,117.7956988014519,0,1,1,1,970.0,3,1,3,1,3,sentinel_2_46000_kagoshima_2020-Q2.tif,viirs_46000_kagoshima_2020-Q2.tif,1811.1170397762423
69,3,2022,3880440088794.578,135.9371046973515,0,1,1,1,900.0,2,1,2,1,3,sentinel_2_41000_saga_2022-Q3.tif,viirs_41000_saga_2022-Q3.tif,1626.0745979381447
55,4,2022,3880440088794.578,136.4362131047677,0,1,1,1,450.0,3,1,3,1,3,sentinel_2_30000_wakayama_2022-Q4.tif,viirs_30000_wakayama_2022-Q4.tif,1378.4407660212091
15,3,2024,3928801383782.808,144.403145070865,0,1,1,1,1200.0,2,1,2,1,3,sentinel_2_42000_nagasaki_2024-Q3.tif,viirs_42000_nagasaki_2024-Q3.tif,1677.8926219326322
98,2,2019,4070264756531.522,117.3681318135368,0,1,1,1,670.0,2,1,2,1,3,sentinel_2_38000_ehime_2019-Q2.tif,viirs_38000_ehime_2019-Q2.tif,1814.784802900783
106,3,2021,4247588558872.2593,125.4848727349994,0,1,1,1,830.0,3,1,1,1,6,sentinel_2_01000_hokkaido_2021-Q3.tif,viirs_01000_hokkaido_2021-Q3.tif,1861.061831831949
56,3,2023,3993446887350.673,140.714328844415,0,1,1,1,37.5,3,1,3,1,3,sentinel_2_12000_chiba_2023-Q3.tif,viirs_12000_chiba_2023-Q3.tif,1566.9966198385443
61,3,2023,3993446887350.673,140.714328844415,0,1,1,1,680.0,2,1,2,1,3,sentinel_2_34000_hiroshima_2023-Q3.tif,viirs_34000_hiroshima_2023-Q3.tif,1735.062656661684
68,3,2022,3880440088794.578,135.9371046973515,0,1,1,0,1550.0,2,1,3,0,3,sentinel_2_47000_okinawa_2022-Q3.tif,viirs_47000_okinawa_2022-Q3.tif,2000.6410138925376
40,4,2019,4070264756531.522,117.9406160358257,0,1,1,1,0.0,3,1,2,1,3,sentinel_2_13000_tokyo_2019-Q4.tif,viirs_13000_tokyo_2019-Q4.tif,2814.088712894056
35,3,2021,4247588558872.2593,125.4848727349994,0,1,1,1,650.0,2,1,2,0,3,sentinel_2_32000_shimane_2021-Q3.tif,viirs_32000_shimane_2021-Q3.tif,1507.4092583559443
115,3,2019,4070264756531.522,117.6899153350103,0,1,1,1,400.0,3,1,3,1,3,sentinel_2_27000_osaka_2019-Q3.tif,viirs_27000_osaka_2019-Q3.tif,1994.2244435474192
69,3,2024,3928801383782.808,144.403145070865,0,1,1,1,900.0,2,1,2,1,3,sentinel_2_41000_saga_2024-Q3.tif,viirs_41000_saga_2024-Q3.tif,1683.7046308419217
54,2,2021,4247588558872.2593,123.5075473904579,0,1,0,1,300.0,2,1,1,1,5,sentinel_2_06000_yamagata_2021-Q2.tif,viirs_06000_yamagata_2021-Q2.tif,1647.249672540329
21,4,2019,4070264756531.522,117.9406160358257,0,1,1,1,500.0,3,1,3,1,3,sentinel_2_36000_tokushima_2019-Q4.tif,viirs_36000_tokushima_2019-Q4.tif,1834.5739216252648
88,4,2021,4247588558872.2593,127.389433729792,0,1,1,1,30.0,3,1,2,1,3,sentinel_2_14000_kanagawa_2021-Q4.tif,viirs_14000_kanagawa_2021-Q4.tif,1818.817734300764
68,1,2022,3880440088794.578,130.2983261906564,0,1,1,0,1550.0,2,1,3,0,3,sentinel_2_47000_okinawa_2022-Q1.tif,viirs_47000_okinawa_2022-Q1.tif,1937.8470133808507
98,2,2024,3928801383782.808,143.9682405014625,0,1,1,1,670.0,2,1,3,1,3,sentinel_2_38000_ehime_2024-Q2.tif,viirs_38000_ehime_2024-Q2.tif,1562.0503583841737
1,4,2024,3928801383782.808,144.7279859179582,1,0,0,1,370.0,2,1,1,0,3,sentinel_2_29000_nara_2024-Q4.tif,viirs_29000_nara_2024-Q4.tif,1456.6397644818207
73,4,2024,3928801383782.808,144.7279859179582,1,0,0,1,100.0,2,1,1,0,3,sentinel_2_09000_tochigi_2024-Q4.tif,viirs_09000_tochigi_2024-Q4.tif,1534.448931841302
11,2,2019,4070264756531.522,117.3681318135368,0,1,1,1,870.0,2,1,3,1,3,sentinel_2_45000_miyazaki_2019-Q2.tif,viirs_45000_miyazaki_2019-Q2.tif,1589.3380910079363
11,4,2021,4247588558872.2593,127.389433729792,0,1,1,1,870.0,2,1,3,1,3,sentinel_2_45000_miyazaki_2021-Q4.tif,viirs_45000_miyazaki_2021-Q4.tif,1701.1552778038822
111,3,2022,3880440088794.578,135.9371046973515,0,1,1,1,250.0,3,1,1,1,3,sentinel_2_07000_fukushima_2022-Q3.tif,viirs_07000_fukushima_2022-Q3.tif,1497.3554758129476
12,1,2020,4069008481605.98,118.4352913210933,0,1,1,1,970.0,3,1,3,1,3,sentinel_2_46000_kagoshima_2020-Q1.tif,viirs_46000_kagoshima_2020-Q1.tif,1878.734747784837
59,2,2020,4069008481605.98,117.7956988014519,0,1,1,1,770.0,2,1,2,1,3,sentinel_2_44000_oita_2020-Q2.tif,viirs_44000_oita_2020-Q2.tif,1877.082554361911
15,1,2020,4069008481605.98,118.4352913210933,0,1,1,1,1200.0,2,1,3,1,3,sentinel_2_42000_nagasaki_2020-Q1.tif,viirs_42000_nagasaki_2020-Q1.tif,2137.355313412675
21,2,2019,4070264756531.522,117.3681318135368,0,1,1,1,500.0,3,1,3,1,3,sentinel_2_36000_tokushima_2019-Q2.tif,viirs_36000_tokushima_2019-Q2.tif,1809.0869488864075
115,3,2021,4247588558872.2593,125.4848727349994,0,1,1,1,400.0,3,1,3,1,3,sentinel_2_27000_osaka_2021-Q3.tif,viirs_27000_osaka_2021-Q3.tif,2124.7133338222934
7,1,2022,3880440088794.578,130.2983261906564,0,1,1,1,150.0,3,1,2,1,3,sentinel_2_22000_shizuoka_2022-Q1.tif,viirs_22000_shizuoka_2022-Q1.tif,1737.8765177386283
60,2,2024,3928801383782.808,143.9682405014625,1,0,0,1,340.0,2,1,2,1,3,sentinel_2_25000_shiga_2024-Q2.tif,viirs_25000_shiga_2024-Q2.tif,1441.9543556435003
73,4,2019,4070264756531.522,117.9406160358257,1,0,0,1,100.0,2,1,1,1,3,sentinel_2_09000_tochigi_2019-Q4.tif,viirs_09000_tochigi_2019-Q4.tif,1617.425832084681
98,3,2023,3993446887350.673,140.714328844415,0,1,1,1,670.0,2,1,2,1,3,sentinel_2_38000_ehime_2023-Q3.tif,viirs_38000_ehime_2023-Q3.tif,1802.27521037873
27,3,2019,4070264756531.522,117.6899153350103,0,0,1,1,320.0,2,1,1,1,3,sentinel_2_18000_fukui_2019-Q3.tif,viirs_18000_fukui_2019-Q3.tif,2007.815941276677
2,1,2019,4070264756531.522,115.9781187205398,0,1,1,1,450.0,2,1,1,0,5,sentinel_2_05000_akita_2019-Q1.tif,viirs_05000_akita_2019-Q1.tif,1656.2183101739258
45,1,2021,4247588558872.2593,120.6838014481023,1,0,0,1,110.0,2,0,1,0,3,sentinel_2_19000_yamanashi_2021-Q1.tif,viirs_19000_yamanashi_2021-Q1.tif,1952.031927186562
15,2,2019,4070264756531.522,117.3681318135368,0,1,1,1,1200.0,2,1,3,1,3,sentinel_2_42000_nagasaki_2019-Q2.tif,viirs_42000_nagasaki_2019-Q2.tif,2149.794679182459
111,1,2022,3880440088794.578,130.2983261906564,0,1,1,1,250.0,3,1,1,1,3,sentinel_2_07000_fukushima_2022-Q1.tif,viirs_07000_fukushima_2022-Q1.tif,1903.382413166741
27,4,2021,4247588558872.2593,127.389433729792,0,0,1,1,320.0,2,1,2,1,3,sentinel_2_18000_fukui_2021-Q4.tif,viirs_18000_fukui_2021-Q4.tif,2181.4003315246723
77,2,2024,3928801383782.808,143.9682405014625,1,1,0,1,180.0,2,1,1,0,5,sentinel_2_20000_nagano_2024-Q2.tif,viirs_20000_nagano_2024-Q2.tif,1845.5823183716589
44,1,2024,3928801383782.808,142.3299725681459,0,1,1,1,430.0,3,1,2,1,3,sentinel_2_28000_hyogo_2024-Q1.tif,viirs_28000_hyogo_2024-Q1.tif,2108.7027919161087
45,4,2022,3880440088794.578,136.4362131047677,1,0,0,1,110.0,2,0,1,1,3,sentinel_2_19000_yamanashi_2022-Q4.tif,viirs_19000_yamanashi_2022-Q4.tif,1501.339309779025
58,2,2019,4070264756531.522,117.3681318135368,0,0,1,1,320.0,3,1,3,1,3,sentinel_2_24000_mie_2019-Q2.tif,viirs_24000_mie_2019-Q2.tif,1797.8575445916877
102,3,2021,4247588558872.2593,125.4848727349994,0,1,1,1,100.0,3,1,2,1,3,sentinel_2_08000_ibaraki_2021-Q3.tif,viirs_08000_ibaraki_2021-Q3.tif,1617.1959148149297
6,3,2020,4069008481605.98,119.1285399053605,0,1,1,1,270.0,2,1,1,1,3,sentinel_2_17000_ishikawa_2020-Q3.tif,viirs_17000_ishikawa_2020-Q3.tif,1892.0030883564584
60,3,2019,4070264756531.522,117.6899153350103,1,0,0,1,340.0,2,1,2,1,3,sentinel_2_25000_shiga_2019-Q3.tif,viirs_25000_shiga_2019-Q3.tif,1750.3274967165853
66,1,2020,4069008481605.98,118.4352913210933,0,1,1,1,800.0,2,1,2,1,3,sentinel_2_35000_yamaguchi_2020-Q1.tif,viirs_35000_yamaguchi_2020-Q1.tif,2045.5194141657896
11,2,2023,3993446887350.673,139.5056151606663,0,1,1,1,870.0,2,1,3,1,3,sentinel_2_45000_miyazaki_2023-Q2.tif,viirs_45000_miyazaki_2023-Q2.tif,1757.417015706806
44,1,2023,3993446887350.673,137.8618440412342,0,1,1,1,430.0,3,1,3,1,3,sentinel_2_28000_hyogo_2023-Q1.tif,viirs_28000_hyogo_2023-Q1.tif,1864.3288165663296
54,3,2024,3928801383782.808,144.403145070865,1,1,0,1,300.0,2,1,1,1,5,sentinel_2_06000_yamagata_2024-Q3.tif,viirs_06000_yamagata_2024-Q3.tif,1782.1024068015072
72,1,2019,4070264756531.522,115.9781187205398,0,1,1,1,540.0,2,0,2,1,3,sentinel_2_37000_kagawa_2019-Q1.tif,viirs_37000_kagawa_2019-Q1.tif,1684.0999420011983
27,2,2022,3880440088794.578,134.1731806810651,0,0,1,1,320.0,2,1,1,0,3,sentinel_2_18000_fukui_2022-Q2.tif,viirs_18000_fukui_2022-Q2.tif,1463.8485888033815
115,1,2022,3880440088794.578,130.2983261906564,0,1,1,1,400.0,3,1,2,1,3,sentinel_2_27000_osaka_2022-Q1.tif,viirs_27000_osaka_2022-Q1.tif,1752.5079482024194
61,4,2020,4069008481605.98,119.4024762808857,0,1,1,1,680.0,2,1,2,1,3,sentinel_2_34000_hiroshima_2020-Q4.tif,viirs_34000_hiroshima_2020-Q4.tif,2067.2543522183355
57,4,2022,3880440088794.578,136.4362131047677,1,0,0,1,370.0,2,1,2,1,3,sentinel_2_26000_kyoto_2022-Q4.tif,viirs_26000_kyoto_2022-Q4.tif,1846.0973553024185
40,3,2020,4069008481605.98,119.1285399053605,0,1,1,1,0.0,3,1,2,1,3,sentinel_2_13000_tokyo_2020-Q3.tif,viirs_13000_tokyo_2020-Q3.tif,2971.3833977044164
69,3,2020,4069008481605.98,119.1285399053605,0,1,1,1,900.0,2,1,2,1,3,sentinel_2_41000_saga_2020-Q3.tif,viirs_41000_saga_2020-Q3.tif,2134.839018163967
110,1,2023,3993446887350.673,137.8618440412342,0,1,1,1,300.0,3,1,1,1,3,sentinel_2_04000_miyagi_2023-Q1.tif,viirs_04000_miyagi_2023-Q1.tif,1561.6443251982632
37,2,2023,3993446887350.673,139.5056151606663,0,1,1,1,575.0,2,0,1,1,5,sentinel_2_02000_aomori_2023-Q2.tif,viirs_02000_aomori_2023-Q2.tif,1560.790017803457
54,4,2021,4247588558872.2593,127.389433729792,0,1,0,1,300.0,2,1,1,1,5,sentinel_2_06000_yamagata_2021-Q4.tif,viirs_06000_yamagata_2021-Q4.tif,1549.7597090792567
59,2,2019,4070264756531.522,117.3681318135368,0,1,1,1,770.0,2,1,3,1,3,sentinel_2_44000_oita_2019-Q2.tif,viirs_44000_oita_2019-Q2.tif,1827.7388966084889
27,2,2019,4070264756531.522,117.3681318135368,0,0,1,1,320.0,2,1,1,1,3,sentinel_2_18000_fukui_2019-Q2.tif,viirs_18000_fukui_2019-Q2.tif,1653.3032991820764
111,1,2024,3928801383782.808,142.3299725681459,0,1,1,1,250.0,3,1,1,1,3,sentinel_2_07000_fukushima_2024-Q1.tif,viirs_07000_fukushima_2024-Q1.tif,1709.1875758803512
22,1,2020,4069008481605.98,118.4352913210933,0,1,1,1,500.0,2,1,2,1,3,sentinel_2_31000_tottori_2020-Q1.tif,viirs_31000_tottori_2020-Q1.tif,1977.9623048927497
40,3,2019,4070264756531.522,117.6899153350103,0,1,1,1,0.0,3,1,2,1,3,sentinel_2_13000_tokyo_2019-Q3.tif,viirs_13000_tokyo_2019-Q3.tif,3110.126019585606
38,3,2021,4247588558872.2593,125.4848727349994,0,1,1,1,540.0,2,1,2,1,3,sentinel_2_33000_okayama_2021-Q3.tif,viirs_33000_okayama_2021-Q3.tif,1745.1338616409842
66,4,2024,3928801383782.808,144.7279859179582,0,1,1,1,800.0,2,0,2,1,3,sentinel_2_35000_yamaguchi_2024-Q4.tif,viirs_35000_yamaguchi_2024-Q4.tif,2213.6736226223625
53,1,2022,3880440088794.578,130.2983261906564,0,1,1,1,250.0,2,1,1,1,3,sentinel_2_15000_niigata_2022-Q1.tif,viirs_15000_niigata_2022-Q1.tif,1561.117934665032
58,4,2023,3993446887350.673,140.8613862067226,0,1,1,1,320.0,3,1,3,1,3,sentinel_2_24000_mie_2023-Q4.tif,viirs_24000_mie_2023-Q4.tif,1742.7302934661702
17,2,2020,4069008481605.98,117.7956988014519,0,1,1,1,625.0,3,1,3,1,3,sentinel_2_39000_kochi_2020-Q2.tif,viirs_39000_kochi_2020-Q2.tif,1811.234161641221
54,1,2023,3993446887350.673,137.8618440412342,1,1,0,1,300.0,2,1,1,0,5,sentinel_2_06000_yamagata_2023-Q1.tif,viirs_06000_yamagata_2023-Q1.tif,1470.6433971028184
77,3,2019,4070264756531.522,117.6899153350103,1,1,0,1,180.0,2,0,1,0,5,sentinel_2_20000_nagano_2019-Q3.tif,viirs_20000_nagano_2019-Q3.tif,1756.7422514362613
16,4,2022,3880440088794.578,136.4362131047677,0,1,1,1,260.0,2,0,1,0,3,sentinel_2_16000_toyama_2022-Q4.tif,viirs_16000_toyama_2022-Q4.tif,1711.7916534069952
88,2,2024,3928801383782.808,143.9682405014625,0,1,1,1,30.0,3,1,2,1,3,sentinel_2_14000_kanagawa_2024-Q2.tif,viirs_14000_kanagawa_2024-Q2.tif,1930.000151285736
66,1,2019,4070264756531.522,115.9781187205398,0,1,1,1,800.0,2,1,2,1,3,sentinel_2_35000_yamaguchi_2019-Q1.tif,viirs_35000_yamaguchi_2019-Q1.tif,1858.544568635901
57,2,2020,4069008481605.98,117.7956988014519,1,0,0,1,370.0,2,1,2,1,3,sentinel_2_26000_kyoto_2020-Q2.tif,viirs_26000_kyoto_2020-Q2.tif,2400.9921041380835
59,4,2021,4247588558872.2593,127.389433729792,0,1,1,1,770.0,2,1,2,1,3,sentinel_2_44000_oita_2021-Q4.tif,viirs_44000_oita_2021-Q4.tif,1607.581611969019
98,3,2024,3928801383782.808,144.403145070865,0,1,1,1,670.0,2,1,3,1,3,sentinel_2_38000_ehime_2024-Q3.tif,viirs_38000_ehime_2024-Q3.tif,1526.028379047107
88,1,2023,3993446887350.673,137.8618440412342,0,1,1,1,30.0,3,1,3,1,3,sentinel_2_14000_kanagawa_2023-Q1.tif,viirs_14000_kanagawa_2023-Q1.tif,1866.368280718689
88,3,2020,4069008481605.98,119.1285399053605,0,1,1,1,30.0,3,1,1,1,3,sentinel_2_14000_kanagawa_2020-Q3.tif,viirs_14000_kanagawa_2020-Q3.tif,2244.963645242396
111,4,2024,3928801383782.808,144.7279859179582,0,1,1,1,250.0,3,1,1,1,3,sentinel_2_07000_fukushima_2024-Q4.tif,viirs_07000_fukushima_2024-Q4.tif,1717.4793445279124
106,1,2022,3880440088794.578,130.2983261906564,0,1,1,1,830.0,3,1,1,0,6,sentinel_2_01000_hokkaido_2022-Q1.tif,viirs_01000_hokkaido_2022-Q1.tif,2000.4354925870628
102,4,2019,4070264756531.522,117.9406160358257,0,1,1,1,100.0,3,1,3,1,3,sentinel_2_08000_ibaraki_2019-Q4.tif,viirs_08000_ibaraki_2019-Q4.tif,1563.661276267782
44,2,2019,4070264756531.522,117.3681318135368,0,1,1,1,430.0,3,1,2,1,3,sentinel_2_28000_hyogo_2019-Q2.tif,viirs_28000_hyogo_2019-Q2.tif,1904.8804694331743
12,4,2020,4069008481605.98,119.4024762808857,0,1,1,1,970.0,3,1,3,1,3,sentinel_2_46000_kagoshima_2020-Q4.tif,viirs_46000_kagoshima_2020-Q4.tif,2129.708397205153
31,1,2024,3928801383782.808,142.3299725681459,1,0,0,1,22.5,2,1,2,1,3,sentinel_2_11000_saitama_2024-Q1.tif,viirs_11000_saitama_2024-Q1.tif,1635.8939474212325
98,2,2022,3880440088794.578,134.1731806810651,0,1,1,1,670.0,2,1,3,1,3,sentinel_2_38000_ehime_2022-Q2.tif,viirs_38000_ehime_2022-Q2.tif,1371.328686109135
1,1,2019,4070264756531.522,115.9781187205398,1,0,0,1,370.0,2,1,2,1,3,sentinel_2_29000_nara_2019-Q1.tif,viirs_29000_nara_2019-Q1.tif,1715.501942424894
31,3,2023,3993446887350.673,140.714328844415,1,0,0,1,22.5,2,1,1,1,3,sentinel_2_11000_saitama_2023-Q3.tif,viirs_11000_saitama_2023-Q3.tif,1607.9574079311255
21,1,2020,4069008481605.98,118.4352913210933,0,1,1,1,500.0,3,1,2,1,3,sentinel_2_36000_tokushima_2020-Q1.tif,viirs_36000_tokushima_2020-Q1.tif,1782.6494108050758
72,4,2019,4070264756531.522,117.9406160358257,0,1,1,1,540.0,2,0,2,1,3,sentinel_2_37000_kagawa_2019-Q4.tif,viirs_37000_kagawa_2019-Q4.tif,1641.8169242955796
54,3,2023,3993446887350.673,140.714328844415,1,1,0,1,300.0,2,1,1,0,5,sentinel_2_06000_yamagata_2023-Q3.tif,viirs_06000_yamagata_2023-Q3.tif,1532.369883517189
98,2,2020,4069008481605.98,117.7956988014519,0,1,1,1,670.0,2,1,3,1,3,sentinel_2_38000_ehime_2020-Q2.tif,viirs_38000_ehime_2020-Q2.tif,1673.3861082114713
81,2,2024,3928801383782.808,143.9682405014625,0,1,1,1,260.0,3,1,2,1,3,sentinel_2_23000_aichi_2024-Q2.tif,viirs_23000_aichi_2024-Q2.tif,1534.2972223206923
88,4,2020,4069008481605.98,119.4024762808857,0,1,1,1,30.0,3,1,1,1,3,sentinel_2_14000_kanagawa_2020-Q4.tif,viirs_14000_kanagawa_2020-Q4.tif,2270.1195221476355
58,3,2020,4069008481605.98,119.1285399053605,0,0,1,1,320.0,3,1,2,1,3,sentinel_2_24000_mie_2020-Q3.tif,viirs_24000_mie_2020-Q3.tif,1850.491892052283
54,4,2023,3993446887350.673,140.8613862067226,1,1,0,1,300.0,2,1,1,0,5,sentinel_2_06000_yamagata_2023-Q4.tif,viirs_06000_yamagata_2023-Q4.tif,1665.9359796966028
