geolocation_name,quarter_label,year,deflated_gdp_usd,us_cpi,landlocked,region_economic_classification,access_to_airport,access_to_port,access_to_highway,access_to_railway,straight_distance_to_capital_km,seismic_hazard_zone,flood_risk_class,tropical_cyclone_wind_risk,tornadoes_wind_risk,koppen_climate_zone,sentinel2_tiff_file_name,viirs_tiff_file_name,construction_cost_per_m2_usd
0,3,2019,299682074191.28937,117.6899153350103,0,1,0,1,1,0,770.0,2,1,3,0,0,sentinel_2_dinagat_islands_2019-Q3.tif,viirs_dinagat_islands_2019-Q3.tif,129.9974201590657
3,4,2020,291244296180.30774,119.4024762808857,1,1,1,0,1,0,870.0,3,1,2,0,0,sentinel_2_cotabato_2020-Q4.tif,viirs_cotabato_2020-Q4.tif,377.2799614242616
4,3,2019,299682074191.28937,117.6899153350103,1,1,1,0,1,1,65.0,2,1,2,0,1,sentinel_2_pampanga_2019-Q3.tif,viirs_pampanga_2019-Q3.tif,163.9056883019777
5,1,2019,299682074191.28937,115.9781187205398,0,1,1,1,1,0,410.0,2,1,3,0,1,sentinel_2_antique_2019-Q1.tif,viirs_antique_2019-Q1.tif,236.31560437665115
9,1,2019,299682074191.28937,115.9781187205398,0,1,1,1,1,0,370.0,2,1,4,0,0,sentinel_2_catanduanes_2019-Q1.tif,viirs_catanduanes_2019-Q1.tif,173.96785449998526
13,1,2019,299682074191.28937,115.9781187205398,0,1,1,1,1,0,570.0,2,1,3,0,0,sentinel_2_leyte_2019-Q1.tif,viirs_leyte_2019-Q1.tif,141.77724064398484
18,1,2021,332183318448.6994,120.6838014481023,0,1,1,1,1,0,350.0,2,1,3,0,1,sentinel_2_aklan_2021-Q1.tif,viirs_aklan_2021-Q1.tif,295.94368015463374
19,1,2020,291244296180.30774,118.4352913210933,0,1,1,1,1,0,970.0,3,1,2,0,0,sentinel_2_davao_del_sur_2020-Q1.tif,viirs_davao_del_sur_2020-Q1.tif,230.4855693132282
20,2,2021,332183318448.6994,123.5075473904579,0,1,0,0,1,1,30.0,2,1,3,0,1,sentinel_2_bulacan_2021-Q2.tif,viirs_bulacan_2021-Q2.tif,209.96006809930336
0,2,2021,332183318448.6994,123.5075473904579,0,1,0,1,0,0,770.0,2,1,3,0,0,sentinel_2_dinagat_islands_2021-Q2.tif,viirs_dinagat_islands_2021-Q2.tif,159.357989488004
23,4,2020,291244296180.30774,119.4024762808857,0,1,1,1,1,0,500.0,2,1,3,0,0,sentinel_2_samar_2020-Q4.tif,viirs_samar_2020-Q4.tif,457.2029544438361
24,1,2019,299682074191.28937,115.9781187205398,0,1,1,1,1,0,470.0,2,1,3,0,0,sentinel_2_northern_samar_2019-Q1.tif,viirs_northern_samar_2019-Q1.tif,290.45753931795343
25,1,2020,291244296180.30774,118.4352913210933,1,1,0,0,1,0,265.0,2,1,2,0,1,sentinel_2_quirino_2020-Q1.tif,viirs_quirino_2020-Q1.tif,237.01969209401705
28,1,2019,299682074191.28937,115.9781187205398,1,1,1,0,1,0,285.0,2,1,3,0,1,sentinel_2_isabela_2019-Q1.tif,viirs_isabela_2019-Q1.tif,164.89512456913235
29,3,2019,299682074191.28937,117.6899153350103,0,1,0,1,1,0,790.0,2,1,2,0,0,sentinel_2_lanao_del_norte_2019-Q3.tif,viirs_lanao_del_norte_2019-Q3.tif,140.20714554759803
30,3,2020,291244296180.30774,119.1285399053605,0,1,1,1,1,0,150.0,2,1,2,0,1,sentinel_2_occidental_mindoro_2020-Q3.tif,viirs_occidental_mindoro_2020-Q3.tif,143.21617229137587
3,1,2019,299682074191.28937,115.9781187205398,1,1,1,0,1,0,870.0,3,1,2,0,0,sentinel_2_cotabato_2019-Q1.tif,viirs_cotabato_2019-Q1.tif,111.27126722727216
32,1,2019,299682074191.28937,115.9781187205398,0,1,1,1,1,0,400.0,2,1,3,0,1,sentinel_2_capiz_2019-Q1.tif,viirs_capiz_2019-Q1.tif,227.8876850346824
33,1,2019,299682074191.28937,115.9781187205398,1,1,0,0,1,0,330.0,3,1,2,0,1,sentinel_2_abra_2019-Q1.tif,viirs_abra_2019-Q1.tif,178.06872669595893
34,3,2020,291244296180.30774,119.1285399053605,0,1,1,1,1,0,800.0,2,1,2,0,0,sentinel_2_agusan_del_norte_2020-Q3.tif,viirs_agusan_del_norte_2020-Q3.tif,206.4482223303457
36,2,2021,332183318448.6994,123.5075473904579,1,1,1,0,1,0,1000.0,2,1,1,0,1,sentinel_2_south_cotabato_2021-Q2.tif,viirs_south_cotabato_2021-Q2.tif,153.4776091619691
28,2,2020,291244296180.30774,117.7956988014519,1,1,1,0,1,0,285.0,2,1,3,0,1,sentinel_2_isabela_2020-Q2.tif,viirs_isabela_2020-Q2.tif,169.24735051980565
39,3,2019,299682074191.28937,117.6899153350103,1,1,0,0,1,0,240.0,2,1,2,0,4,sentinel_2_ifugao_2019-Q3.tif,viirs_ifugao_2019-Q3.tif,124.55879739076364
20,3,2021,332183318448.6994,125.4848727349994,0,1,0,0,1,1,30.0,2,1,3,0,1,sentinel_2_bulacan_2021-Q3.tif,viirs_bulacan_2021-Q3.tif,188.78132785559427
41,4,2021,332183318448.6994,127.389433729792,0,1,1,1,1,0,750.0,3,1,3,0,0,sentinel_2_surigao_del_norte_2021-Q4.tif,viirs_surigao_del_norte_2021-Q4.tif,140.96768951609243
42,1,2019,299682074191.28937,115.9781187205398,1,1,0,0,1,0,210.0,3,0,3,0,4,sentinel_2_benguet_2019-Q1.tif,viirs_benguet_2019-Q1.tif,236.112644263592
43,2,2020,291244296180.30774,117.7956988014519,0,1,1,1,1,1,330.0,3,1,4,0,0,sentinel_2_albay_2020-Q2.tif,viirs_albay_2020-Q2.tif,164.7931628587885
23,4,2021,332183318448.6994,127.389433729792,0,1,1,1,1,0,500.0,2,1,3,0,0,sentinel_2_samar_2021-Q4.tif,viirs_samar_2021-Q4.tif,243.78689003546293
46,3,2019,299682074191.28937,117.6899153350103,1,1,0,0,1,0,280.0,3,0,1,0,4,sentinel_2_mountain_province_2019-Q3.tif,viirs_mountain_province_2019-Q3.tif,245.40414262823444
47,2,2020,291244296180.30774,117.7956988014519,0,1,1,1,1,0,130.0,2,1,3,0,1,sentinel_2_oriental_mindoro_2020-Q2.tif,viirs_oriental_mindoro_2020-Q2.tif,152.87136473190708
48,3,2019,299682074191.28937,117.6899153350103,0,1,1,1,1,0,780.0,2,0,2,0,0,sentinel_2_camiguin_2019-Q3.tif,viirs_camiguin_2019-Q3.tif,149.05776632301553
49,3,2019,299682074191.28937,117.6899153350103,0,1,1,1,1,0,580.0,1,0,1,0,1,sentinel_2_palawan_2019-Q3.tif,viirs_palawan_2019-Q3.tif,230.7129124465073
50,3,2021,332183318448.6994,125.4848727349994,1,1,0,0,1,0,110.0,2,1,2,1,1,sentinel_2_tarlac_2021-Q3.tif,viirs_tarlac_2021-Q3.tif,355.22336682582915
51,2,2019,299682074191.28937,117.3681318135368,0,1,1,1,1,0,350.0,2,1,3,0,1,sentinel_2_cagayan_2019-Q2.tif,viirs_cagayan_2019-Q2.tif,230.8109418283658
4,1,2020,291244296180.30774,118.4352913210933,1,1,1,0,1,1,65.0,2,1,3,0,1,sentinel_2_pampanga_2020-Q1.tif,viirs_pampanga_2020-Q1.tif,214.77078116046772
32,2,2021,332183318448.6994,123.5075473904579,0,1,1,1,1,0,400.0,2,1,3,0,1,sentinel_2_capiz_2021-Q2.tif,viirs_capiz_2021-Q2.tif,156.86817776087568
28,3,2021,332183318448.6994,125.4848727349994,1,1,1,0,1,0,285.0,2,1,3,0,1,sentinel_2_isabela_2021-Q3.tif,viirs_isabela_2021-Q3.tif,403.8669606878051
29,1,2019,299682074191.28937,115.9781187205398,0,1,0,1,1,0,790.0,2,1,2,0,0,sentinel_2_lanao_del_norte_2019-Q1.tif,viirs_lanao_del_norte_2019-Q1.tif,118.02167066191186
52,4,2021,332183318448.6994,127.389433729792,1,1,0,0,1,0,800.0,2,1,2,0,0,sentinel_2_agusan_del_sur_2021-Q4.tif,viirs_agusan_del_sur_2021-Q4.tif,384.85994415091017
62,3,2019,299682074191.28937,117.6899153350103,0,1,1,1,1,0,115.0,2,1,3,0,1,sentinel_2_zambales_2019-Q3.tif,viirs_zambales_2019-Q3.tif,290.42083600099403
63,1,2020,291244296180.30774,118.4352913210933,0,1,0,1,1,0,640.0,2,1,3,0,0,sentinel_2_southern_leyte_2020-Q1.tif,viirs_southern_leyte_2020-Q1.tif,132.14489311921963
64,3,2019,299682074191.28937,117.6899153350103,0,1,0,0,1,0,1050.0,2,1,1,0,0,sentinel_2_davao_occidental_2019-Q3.tif,viirs_davao_occidental_2019-Q3.tif,146.8697617431454
65,3,2020,291244296180.30774,119.1285399053605,0,1,1,1,1,0,780.0,2,1,2,0,0,sentinel_2_misamis_occidental_2020-Q3.tif,viirs_misamis_occidental_2020-Q3.tif,175.8983287397188
9,2,2021,332183318448.6994,123.5075473904579,0,1,1,1,1,0,370.0,2,1,4,0,0,sentinel_2_catanduanes_2021-Q2.tif,viirs_catanduanes_2021-Q2.tif,339.7938657345474
67,2,2019,299682074191.28937,117.3681318135368,0,1,0,0,1,0,145.0,3,1,3,0,0,sentinel_2_aurora_2019-Q2.tif,viirs_aurora_2019-Q2.tif,152.3546899719535
3,3,2021,332183318448.6994,125.4848727349994,0,1,1,1,1,0,870.0,3,1,2,1,0,sentinel_2_cotabato_2021-Q3.tif,viirs_cotabato_2021-Q3.tif,319.1780745286265
71,4,2021,332183318448.6994,127.389433729792,0,1,1,1,1,0,690.0,2,1,2,0,1,sentinel_2_zamboanga_del_norte_2021-Q4.tif,viirs_zamboanga_del_norte_2021-Q4.tif,106.09923603789032
74,4,2021,332183318448.6994,127.389433729792,0,1,1,1,1,0,95.0,2,1,3,0,1,sentinel_2_quezon_2021-Q4.tif,viirs_quezon_2021-Q4.tif,238.52947125494703
75,4,2019,299682074191.28937,117.9406160358257,0,1,1,1,1,0,850.0,3,1,3,0,0,sentinel_2_surigao_del_sur_2019-Q4.tif,viirs_surigao_del_sur_2019-Q4.tif,175.39690484011513
5,4,2020,291244296180.30774,119.4024762808857,0,1,1,1,1,0,410.0,2,1,2,0,1,sentinel_2_antique_2020-Q4.tif,viirs_antique_2020-Q4.tif,258.92783642535227
76,2,2019,299682074191.28937,117.3681318135368,0,1,0,1,1,0,1030.0,2,1,2,0,0,sentinel_2_sarangani_2019-Q2.tif,viirs_sarangani_2019-Q2.tif,133.65563676254132
64,3,2020,291244296180.30774,119.1285399053605,0,1,0,1,1,0,1050.0,2,1,2,0,0,sentinel_2_davao_occidental_2020-Q3.tif,viirs_davao_occidental_2020-Q3.tif,253.4481428645265
78,3,2020,291244296180.30774,119.1285399053605,0,1,0,1,1,0,85.0,3,1,3,0,1,sentinel_2_batangas_2020-Q3.tif,viirs_batangas_2020-Q3.tif,216.49701211708333
64,3,2021,332183318448.6994,125.4848727349994,0,1,0,0,1,0,1050.0,2,1,1,0,0,sentinel_2_davao_occidental_2021-Q3.tif,viirs_davao_occidental_2021-Q3.tif,198.90013951360297
79,1,2019,299682074191.28937,115.9781187205398,0,1,1,1,1,0,630.0,2,1,2,0,1,sentinel_2_bohol_2019-Q1.tif,viirs_bohol_2019-Q1.tif,155.66099038130363
80,3,2021,332183318448.6994,125.4848727349994,1,1,0,0,1,0,340.0,2,1,2,0,1,sentinel_2_kalinga_2021-Q3.tif,viirs_kalinga_2021-Q3.tif,252.3344459948905
82,2,2021,332183318448.6994,123.5075473904579,0,1,1,1,1,0,170.0,2,0,3,0,1,sentinel_2_marinduque_2021-Q2.tif,viirs_marinduque_2021-Q2.tif,195.5951243802564
9,3,2020,291244296180.30774,119.1285399053605,0,1,1,1,1,0,370.0,2,1,4,0,0,sentinel_2_catanduanes_2020-Q3.tif,viirs_catanduanes_2020-Q3.tif,445.0324848609527
83,3,2019,299682074191.28937,117.6899153350103,0,1,1,1,1,0,630.0,2,1,2,0,1,sentinel_2_negros_oriental_2019-Q3.tif,viirs_negros_oriental_2019-Q3.tif,183.28249598343507
84,1,2019,299682074191.28937,115.9781187205398,0,1,1,1,1,0,570.0,2,0,2,0,1,sentinel_2_siquijor_2019-Q1.tif,viirs_siquijor_2019-Q1.tif,200.8916410006034
85,1,2019,299682074191.28937,115.9781187205398,0,1,1,1,1,1,260.0,2,1,3,0,1,sentinel_2_camarines_sur_2019-Q1.tif,viirs_camarines_sur_2019-Q1.tif,197.71317932356345
86,2,2021,332183318448.6994,123.5075473904579,0,1,1,1,1,0,400.0,2,1,3,0,2,sentinel_2_ilocos_norte_2021-Q2.tif,viirs_ilocos_norte_2021-Q2.tif,210.7480985652168
75,2,2021,332183318448.6994,123.5075473904579,0,1,1,1,1,0,850.0,3,1,3,0,0,sentinel_2_surigao_del_sur_2021-Q2.tif,viirs_surigao_del_sur_2021-Q2.tif,147.14714327807087
76,4,2021,332183318448.6994,127.389433729792,0,1,0,1,1,0,1030.0,2,1,2,0,0,sentinel_2_sarangani_2021-Q4.tif,viirs_sarangani_2021-Q4.tif,157.07352758358232
62,1,2020,291244296180.30774,118.4352913210933,0,1,1,1,1,0,115.0,2,1,3,0,1,sentinel_2_zambales_2020-Q1.tif,viirs_zambales_2020-Q1.tif,236.33134943584287
43,3,2019,299682074191.28937,117.6899153350103,0,1,1,1,1,0,330.0,3,1,4,1,0,sentinel_2_albay_2019-Q3.tif,viirs_albay_2019-Q3.tif,259.6831624072456
87,4,2019,299682074191.28937,117.9406160358257,0,1,1,1,1,0,460.0,2,1,3,0,1,sentinel_2_iloilo_2019-Q4.tif,viirs_iloilo_2019-Q4.tif,222.3253165291887
82,1,2019,299682074191.28937,115.9781187205398,0,1,1,1,1,0,170.0,2,1,2,0,1,sentinel_2_marinduque_2019-Q1.tif,viirs_marinduque_2019-Q1.tif,161.0840950197984
42,3,2021,332183318448.6994,125.4848727349994,1,1,0,0,1,0,210.0,3,0,3,0,4,sentinel_2_benguet_2021-Q3.tif,viirs_benguet_2021-Q3.tif,257.4827256924674
89,3,2020,291244296180.30774,119.1285399053605,0,1,1,1,1,0,970.0,2,1,2,0,0,sentinel_2_davao_del_norte_2020-Q3.tif,viirs_davao_del_norte_2020-Q3.tif,178.31532928597608
90,2,2020,291244296180.30774,117.7956988014519,1,1,0,0,1,0,820.0,2,0,2,0,1,sentinel_2_bukidnon_2020-Q2.tif,viirs_bukidnon_2020-Q2.tif,198.00837337352667
91,3,2020,291244296180.30774,119.1285399053605,0,2,1,1,1,1,0.0,3,1,3,0,1,sentinel_2_national_capital_region_2020-Q3.tif,viirs_national_capital_region_2020-Q3.tif,324.04583946653867
92,3,2021,332183318448.6994,125.4848727349994,0,1,0,0,1,1,57.5,2,1,2,0,1,sentinel_2_laguna_2021-Q3.tif,viirs_laguna_2021-Q3.tif,232.17237426613084
80,3,2019,299682074191.28937,117.6899153350103,1,1,0,0,1,0,340.0,2,1,2,0,1,sentinel_2_kalinga_2019-Q3.tif,viirs_kalinga_2019-Q3.tif,209.68365979239044
93,2,2019,299682074191.28937,117.3681318135368,0,1,1,1,1,0,480.0,2,1,2,0,1,sentinel_2_negros_occidental_2019-Q2.tif,viirs_negros_occidental_2019-Q2.tif,249.6863175341793
94,4,2021,332183318448.6994,127.389433729792,0,1,0,1,1,0,220.0,2,1,3,0,1,sentinel_2_camarines_norte_2021-Q4.tif,viirs_camarines_norte_2021-Q4.tif,219.2682150771411
79,4,2019,299682074191.28937,117.9406160358257,0,1,1,1,1,0,630.0,2,1,2,0,1,sentinel_2_bohol_2019-Q4.tif,viirs_bohol_2019-Q4.tif,182.90790296091564
42,4,2021,332183318448.6994,127.389433729792,1,1,0,0,1,0,210.0,3,0,3,0,4,sentinel_2_benguet_2021-Q4.tif,viirs_benguet_2021-Q4.tif,326.7766472427772
30,2,2019,299682074191.28937,117.3681318135368,0,1,1,1,1,0,150.0,2,1,3,0,1,sentinel_2_occidental_mindoro_2019-Q2.tif,viirs_occidental_mindoro_2019-Q2.tif,171.07206593399775
9,2,2019,299682074191.28937,117.3681318135368,0,1,1,1,1,0,370.0,2,1,4,0,0,sentinel_2_catanduanes_2019-Q2.tif,viirs_catanduanes_2019-Q2.tif,123.64848593044913
47,2,2019,299682074191.28937,117.3681318135368,0,1,0,1,1,0,130.0,2,1,3,0,1,sentinel_2_oriental_mindoro_2019-Q2.tif,viirs_oriental_mindoro_2019-Q2.tif,195.8341767322802
87,1,2020,291244296180.30774,118.4352913210933,0,1,1,1,1,0,460.0,2,1,3,0,1,sentinel_2_iloilo_2020-Q1.tif,viirs_iloilo_2020-Q1.tif,190.29156277064453
50,4,2019,299682074191.28937,117.9406160358257,1,1,0,0,1,0,110.0,2,1,2,0,1,sentinel_2_tarlac_2019-Q4.tif,viirs_tarlac_2019-Q4.tif,196.05109536574096
19,4,2021,332183318448.6994,127.389433729792,0,1,1,1,1,0,970.0,3,1,1,0,0,sentinel_2_davao_del_sur_2021-Q4.tif,viirs_davao_del_sur_2021-Q4.tif,258.61264710206564
95,4,2019,299682074191.28937,117.9406160358257,0,1,0,1,1,0,33.0,2,1,3,0,1,sentinel_2_cavite_2019-Q4.tif,viirs_cavite_2019-Q4.tif,205.36590355524268
78,3,2021,332183318448.6994,125.4848727349994,0,1,0,1,1,0,85.0,3,1,3,0,1,sentinel_2_batangas_2021-Q3.tif,viirs_batangas_2021-Q3.tif,273.46549889402945
74,2,2019,299682074191.28937,117.3681318135368,0,1,1,1,1,1,95.0,2,1,3,0,1,sentinel_2_quezon_2019-Q2.tif,viirs_quezon_2019-Q2.tif,193.4213585221564
92,1,2021,332183318448.6994,120.6838014481023,0,1,0,0,1,1,57.5,2,1,2,0,1,sentinel_2_laguna_2021-Q1.tif,viirs_laguna_2021-Q1.tif,308.2277318036149
50,1,2019,299682074191.28937,115.9781187205398,1,1,0,0,1,0,110.0,2,1,2,0,1,sentinel_2_tarlac_2019-Q1.tif,viirs_tarlac_2019-Q1.tif,167.4021981772305
0,4,2020,291244296180.30774,119.4024762808857,0,1,0,1,0,0,770.0,2,1,3,0,0,sentinel_2_dinagat_islands_2020-Q4.tif,viirs_dinagat_islands_2020-Q4.tif,163.83623351023658
62,3,2021,332183318448.6994,125.4848727349994,0,1,0,1,1,0,115.0,2,1,3,0,1,sentinel_2_zambales_2021-Q3.tif,viirs_zambales_2021-Q3.tif,234.19537199707088
18,1,2020,291244296180.30774,118.4352913210933,0,1,1,1,1,0,350.0,2,1,3,0,1,sentinel_2_aklan_2020-Q1.tif,viirs_aklan_2020-Q1.tif,273.0620981305201
96,1,2020,291244296180.30774,118.4352913210933,0,0,0,1,1,0,880.0,2,0,2,0,0,sentinel_2_basilan_2020-Q1.tif,viirs_basilan_2020-Q1.tif,117.874461025641
97,3,2019,299682074191.28937,117.6899153350103,0,1,0,1,1,0,340.0,2,1,2,0,2,sentinel_2_ilocos_sur_2019-Q3.tif,viirs_ilocos_sur_2019-Q3.tif,190.7581285256965
19,2,2021,332183318448.6994,123.5075473904579,0,1,1,1,1,0,970.0,3,1,1,0,0,sentinel_2_davao_del_sur_2021-Q2.tif,viirs_davao_del_sur_2021-Q2.tif,231.2902188792511
99,3,2019,299682074191.28937,117.6899153350103,0,1,1,1,1,0,570.0,3,1,4,0,0,sentinel_2_eastern_samar_2019-Q3.tif,viirs_eastern_samar_2019-Q3.tif,264.8602510337451
82,1,2020,291244296180.30774,118.4352913210933,0,1,1,1,1,0,170.0,2,1,3,0,1,sentinel_2_marinduque_2020-Q1.tif,viirs_marinduque_2020-Q1.tif,185.87849022391583
100,3,2019,299682074191.28937,117.6899153350103,0,1,1,1,1,0,790.0,2,1,1,0,0,sentinel_2_zamboanga_del_sur_2019-Q3.tif,viirs_zamboanga_del_sur_2019-Q3.tif,254.54581412033025
19,2,2020,291244296180.30774,117.7956988014519,0,1,1,1,1,0,970.0,3,1,2,0,0,sentinel_2_davao_del_sur_2020-Q2.tif,viirs_davao_del_sur_2020-Q2.tif,226.0752252461457
85,2,2019,299682074191.28937,117.3681318135368,0,1,1,1,1,1,260.0,2,1,3,0,1,sentinel_2_camarines_sur_2019-Q2.tif,viirs_camarines_sur_2019-Q2.tif,272.77556852112457
48,3,2021,332183318448.6994,125.4848727349994,0,1,1,1,1,0,780.0,2,0,2,0,0,sentinel_2_camiguin_2021-Q3.tif,viirs_camiguin_2021-Q3.tif,120.37395934867732
101,4,2021,332183318448.6994,127.389433729792,1,1,0,0,1,0,195.0,2,0,2,0,1,sentinel_2_nueva_vizcaya_2021-Q4.tif,viirs_nueva_vizcaya_2021-Q4.tif,253.75186132557005
99,1,2021,332183318448.6994,120.6838014481023,0,1,1,1,1,0,570.0,3,1,4,0,0,sentinel_2_eastern_samar_2021-Q1.tif,viirs_eastern_samar_2021-Q1.tif,299.87918306932704
30,3,2021,332183318448.6994,125.4848727349994,0,1,1,1,1,0,150.0,2,1,2,0,1,sentinel_2_occidental_mindoro_2021-Q3.tif,viirs_occidental_mindoro_2021-Q3.tif,266.3542616788637
103,4,2020,291244296180.30774,119.4024762808857,0,1,1,1,1,0,950.0,2,1,2,0,0,sentinel_2_sultan_kudarat_2020-Q4.tif,viirs_sultan_kudarat_2020-Q4.tif,334.6919900482391
104,2,2021,332183318448.6994,123.5075473904579,0,1,0,1,1,0,260.0,2,1,3,0,1,sentinel_2_la_union_2021-Q2.tif,viirs_la_union_2021-Q2.tif,228.80668001597988
46,4,2019,299682074191.28937,117.9406160358257,1,1,0,0,1,0,280.0,3,0,1,0,4,sentinel_2_mountain_province_2019-Q4.tif,viirs_mountain_province_2019-Q4.tif,120.23260721230449
105,2,2021,332183318448.6994,123.5075473904579,0,1,0,1,1,0,470.0,2,0,3,0,1,sentinel_2_guimaras_2021-Q2.tif,viirs_guimaras_2021-Q2.tif,184.76898462367663
107,1,2021,332183318448.6994,120.6838014481023,0,1,1,1,1,0,270.0,2,1,3,0,1,sentinel_2_romblon_2021-Q1.tif,viirs_romblon_2021-Q1.tif,175.66871351019097
95,2,2020,291244296180.30774,117.7956988014519,0,1,0,1,1,0,33.0,2,1,3,0,1,sentinel_2_cavite_2020-Q2.tif,viirs_cavite_2020-Q2.tif,204.22540169245087
99,1,2020,291244296180.30774,118.4352913210933,0,1,1,1,1,0,570.0,3,1,4,0,0,sentinel_2_eastern_samar_2020-Q1.tif,viirs_eastern_samar_2020-Q1.tif,282.66217000764567
75,3,2021,332183318448.6994,125.4848727349994,0,1,1,1,1,0,850.0,3,1,3,0,0,sentinel_2_surigao_del_sur_2021-Q3.tif,viirs_surigao_del_sur_2021-Q3.tif,220.12480488862323
90,3,2020,291244296180.30774,119.1285399053605,1,1,0,0,1,0,820.0,2,0,2,0,1,sentinel_2_bukidnon_2020-Q3.tif,viirs_bukidnon_2020-Q3.tif,161.95800243534225
108,3,2020,291244296180.30774,119.1285399053605,0,1,1,1,1,0,170.0,2,1,3,0,1,sentinel_2_pangasinan_2020-Q3.tif,viirs_pangasinan_2020-Q3.tif,275.1601643206956
39,2,2021,332183318448.6994,123.5075473904579,1,1,0,0,1,0,240.0,2,0,2,0,4,sentinel_2_ifugao_2021-Q2.tif,viirs_ifugao_2021-Q2.tif,148.8305317086454
50,3,2020,291244296180.30774,119.1285399053605,1,1,0,0,1,0,110.0,2,1,3,0,1,sentinel_2_tarlac_2020-Q3.tif,viirs_tarlac_2020-Q3.tif,200.50381194223888
47,4,2020,291244296180.30774,119.4024762808857,0,1,1,1,1,0,130.0,2,1,3,0,1,sentinel_2_oriental_mindoro_2020-Q4.tif,viirs_oriental_mindoro_2020-Q4.tif,200.6418820763368
33,4,2019,299682074191.28937,117.9406160358257,1,1,0,0,1,0,330.0,3,1,2,0,1,sentinel_2_abra_2019-Q4.tif,viirs_abra_2019-Q4.tif,182.868097319878
109,1,2019,299682074191.28937,115.9781187205398,0,1,0,1,1,0,570.0,2,1,3,0,0,sentinel_2_biliran_2019-Q1.tif,viirs_biliran_2019-Q1.tif,241.21567910205195
63,1,2019,299682074191.28937,115.9781187205398,0,1,0,1,1,0,640.0,2,1,3,0,0,sentinel_2_southern_leyte_2019-Q1.tif,viirs_southern_leyte_2019-Q1.tif,176.8890147858033
103,1,2020,291244296180.30774,118.4352913210933,0,1,1,1,1,0,950.0,2,1,2,0,0,sentinel_2_sultan_kudarat_2020-Q1.tif,viirs_sultan_kudarat_2020-Q1.tif,218.58638064687904
108,1,2021,332183318448.6994,120.6838014481023,0,1,1,1,1,0,170.0,2,1,3,0,1,sentinel_2_pangasinan_2021-Q1.tif,viirs_pangasinan_2021-Q1.tif,200.71884430891987
3,2,2021,332183318448.6994,123.5075473904579,0,1,1,1,1,0,870.0,3,1,2,1,0,sentinel_2_cotabato_2021-Q2.tif,viirs_cotabato_2021-Q2.tif,184.99081119952257
5,2,2020,291244296180.30774,117.7956988014519,0,1,1,1,1,0,410.0,2,1,2,0,1,sentinel_2_antique_2020-Q2.tif,viirs_antique_2020-Q2.tif,139.32154285104917
112,3,2019,299682074191.28937,117.6899153350103,0,1,0,1,1,0,950.0,2,1,3,0,0,sentinel_2_davao_oriental_2019-Q3.tif,viirs_davao_oriental_2019-Q3.tif,229.8741085950496
108,2,2021,332183318448.6994,123.5075473904579,0,1,1,1,1,0,170.0,2,1,3,0,1,sentinel_2_pangasinan_2021-Q2.tif,viirs_pangasinan_2021-Q2.tif,442.40500033797065
83,4,2020,291244296180.30774,119.4024762808857,0,1,1,1,1,0,630.0,2,1,2,0,1,sentinel_2_negros_oriental_2020-Q4.tif,viirs_negros_oriental_2020-Q4.tif,178.89316703580903
113,2,2019,299682074191.28937,117.3681318135368,0,1,0,1,1,0,820.0,2,1,2,0,0,sentinel_2_zamboanga_sibugay_2019-Q2.tif,viirs_zamboanga_sibugay_2019-Q2.tif,103.4138757724612
93,3,2020,291244296180.30774,119.1285399053605,0,1,1,1,1,0,480.0,2,1,2,0,1,sentinel_2_negros_occidental_2020-Q3.tif,viirs_negros_occidental_2020-Q3.tif,210.91305750823736
85,3,2019,299682074191.28937,117.6899153350103,0,1,1,1,1,1,260.0,2,1,3,0,1,sentinel_2_camarines_sur_2019-Q3.tif,viirs_camarines_sur_2019-Q3.tif,245.3830138056275
114,4,2019,299682074191.28937,117.9406160358257,0,1,1,1,1,0,570.0,2,1,2,0,1,sentinel_2_cebu_2019-Q4.tif,viirs_cebu_2019-Q4.tif,219.3687800490337
75,3,2019,299682074191.28937,117.6899153350103,0,1,1,1,1,0,850.0,3,1,3,0,0,sentinel_2_surigao_del_sur_2019-Q3.tif,viirs_surigao_del_sur_2019-Q3.tif,158.34287485679772
46,3,2020,291244296180.30774,119.1285399053605,1,1,0,0,1,0,280.0,3,0,2,0,4,sentinel_2_mountain_province_2020-Q3.tif,viirs_mountain_province_2020-Q3.tif,464.04372103445496
24,2,2019,299682074191.28937,117.3681318135368,0,1,1,1,1,0,470.0,2,1,3,0,0,sentinel_2_northern_samar_2019-Q2.tif,viirs_northern_samar_2019-Q2.tif,194.20521071651416
92,1,2019,299682074191.28937,115.9781187205398,0,1,0,0,1,1,57.5,2,1,2,0,1,sentinel_2_laguna_2019-Q1.tif,viirs_laguna_2019-Q1.tif,209.297548142908
90,4,2020,291244296180.30774,119.4024762808857,1,1,0,0,1,0,820.0,2,0,2,0,1,sentinel_2_bukidnon_2020-Q4.tif,viirs_bukidnon_2020-Q4.tif,157.04562558000995
116,4,2021,332183318448.6994,127.389433729792,1,1,0,0,1,0,400.0,2,0,2,0,1,sentinel_2_apayao_2021-Q4.tif,viirs_apayao_2021-Q4.tif,225.74127705258903
0,1,2019,299682074191.28937,115.9781187205398,0,1,0,1,1,0,770.0,2,1,3,0,0,sentinel_2_dinagat_islands_2019-Q1.tif,viirs_dinagat_islands_2019-Q1.tif,141.5878466177425
41,2,2020,291244296180.30774,117.7956988014519,0,1,1,1,1,0,750.0,3,1,3,0,0,sentinel_2_surigao_del_norte_2020-Q2.tif,viirs_surigao_del_norte_2020-Q2.tif,189.9120154148534
3,1,2020,291244296180.30774,118.4352913210933,1,1,1,0,1,0,870.0,3,1,2,0,0,sentinel_2_cotabato_2020-Q1.tif,viirs_cotabato_2020-Q1.tif,203.22380616588043
116,2,2021,332183318448.6994,123.5075473904579,1,1,0,0,1,0,400.0,2,0,2,0,1,sentinel_2_apayao_2021-Q2.tif,viirs_apayao_2021-Q2.tif,186.92066919220065
41,1,2019,299682074191.28937,115.9781187205398,0,1,1,1,1,0,750.0,3,1,3,0,0,sentinel_2_surigao_del_norte_2019-Q1.tif,viirs_surigao_del_norte_2019-Q1.tif,180.79839067734216
112,2,2021,332183318448.6994,123.5075473904579,0,1,0,1,1,0,950.0,2,1,3,0,0,sentinel_2_davao_oriental_2021-Q2.tif,viirs_davao_oriental_2021-Q2.tif,184.0822295822958
117,1,2019,299682074191.28937,115.9781187205398,0,1,1,1,1,0,370.0,3,1,3,0,1,sentinel_2_masbate_2019-Q1.tif,viirs_masbate_2019-Q1.tif,194.6624149606345
41,4,2019,299682074191.28937,117.9406160358257,0,1,1,1,1,0,750.0,3,1,3,0,0,sentinel_2_surigao_del_norte_2019-Q4.tif,viirs_surigao_del_norte_2019-Q4.tif,137.5495840497659
87,1,2021,332183318448.6994,120.6838014481023,0,1,1,1,1,0,460.0,2,1,3,0,1,sentinel_2_iloilo_2021-Q1.tif,viirs_iloilo_2021-Q1.tif,210.34801184312465
87,3,2019,299682074191.28937,117.6899153350103,0,1,1,1,1,0,460.0,2,1,3,0,1,sentinel_2_iloilo_2019-Q3.tif,viirs_iloilo_2019-Q3.tif,213.5514089674361
39,4,2020,291244296180.30774,119.4024762808857,1,1,0,0,1,0,240.0,2,0,2,0,4,sentinel_2_ifugao_2020-Q4.tif,viirs_ifugao_2020-Q4.tif,199.28838946751063
42,3,2019,299682074191.28937,117.6899153350103,1,1,0,0,1,0,210.0,3,0,3,0,4,sentinel_2_benguet_2019-Q3.tif,viirs_benguet_2019-Q3.tif,230.4019816365765
47,4,2019,299682074191.28937,117.9406160358257,0,1,0,1,1,0,130.0,2,1,3,0,1,sentinel_2_oriental_mindoro_2019-Q4.tif,viirs_oriental_mindoro_2019-Q4.tif,190.68360006434216
104,1,2020,291244296180.30774,118.4352913210933,0,1,1,1,1,0,260.0,2,1,2,0,1,sentinel_2_la_union_2020-Q1.tif,viirs_la_union_2020-Q1.tif,209.8516584910835
65,1,2019,299682074191.28937,115.9781187205398,0,1,1,1,1,0,780.0,2,1,1,0,0,sentinel_2_misamis_occidental_2019-Q1.tif,viirs_misamis_occidental_2019-Q1.tif,182.09485579800292
93,1,2021,332183318448.6994,120.6838014481023,0,1,1,1,1,0,480.0,2,1,2,0,1,sentinel_2_negros_occidental_2021-Q1.tif,viirs_negros_occidental_2021-Q1.tif,222.76428246782092
29,4,2019,299682074191.28937,117.9406160358257,0,1,0,1,1,0,790.0,2,1,2,0,0,sentinel_2_lanao_del_norte_2019-Q4.tif,viirs_lanao_del_norte_2019-Q4.tif,279.68914404958286
46,2,2019,299682074191.28937,117.3681318135368,1,1,0,0,1,0,280.0,3,0,1,0,4,sentinel_2_mountain_province_2019-Q2.tif,viirs_mountain_province_2019-Q2.tif,344.9184839511334
97,3,2020,291244296180.30774,119.1285399053605,0,1,0,1,1,0,340.0,2,1,3,1,2,sentinel_2_ilocos_sur_2020-Q3.tif,viirs_ilocos_sur_2020-Q3.tif,193.112283836631
41,1,2021,332183318448.6994,120.6838014481023,0,1,1,1,1,0,750.0,3,1,3,0,0,sentinel_2_surigao_del_norte_2021-Q1.tif,viirs_surigao_del_norte_2021-Q1.tif,163.78875009367454
33,2,2020,291244296180.30774,117.7956988014519,1,1,0,0,1,0,330.0,3,1,2,0,1,sentinel_2_abra_2020-Q2.tif,viirs_abra_2020-Q2.tif,81.44802493131867
112,3,2021,332183318448.6994,125.4848727349994,0,1,0,1,1,0,950.0,2,1,3,0,0,sentinel_2_davao_oriental_2021-Q3.tif,viirs_davao_oriental_2021-Q3.tif,215.9414386303944
80,4,2019,299682074191.28937,117.9406160358257,1,1,0,0,1,0,340.0,2,1,2,0,1,sentinel_2_kalinga_2019-Q4.tif,viirs_kalinga_2019-Q4.tif,185.2797015492531
84,4,2019,299682074191.28937,117.9406160358257,0,1,1,1,1,0,570.0,2,0,2,0,1,sentinel_2_siquijor_2019-Q4.tif,viirs_siquijor_2019-Q4.tif,203.28638723661484
118,1,2021,332183318448.6994,120.6838014481023,1,1,0,0,1,0,18.0,3,1,3,0,1,sentinel_2_rizal_2021-Q1.tif,viirs_rizal_2021-Q1.tif,189.21191810619752
33,2,2021,332183318448.6994,123.5075473904579,1,1,0,0,1,0,330.0,3,0,2,0,1,sentinel_2_abra_2021-Q2.tif,viirs_abra_2021-Q2.tif,195.90468795351072
49,4,2019,299682074191.28937,117.9406160358257,0,1,1,1,1,0,580.0,1,0,1,0,1,sentinel_2_palawan_2019-Q4.tif,viirs_palawan_2019-Q4.tif,435.5491491239459
119,3,2020,291244296180.30774,119.1285399053605,0,1,0,1,1,0,55.0,2,1,2,0,1,sentinel_2_bataan_2020-Q3.tif,viirs_bataan_2020-Q3.tif,188.31230594596025
43,1,2019,299682074191.28937,115.9781187205398,0,1,1,1,1,0,330.0,3,1,4,1,0,sentinel_2_albay_2019-Q1.tif,viirs_albay_2019-Q1.tif,214.36886134150492
30,2,2021,332183318448.6994,123.5075473904579,0,1,1,1,1,0,150.0,2,1,2,0,1,sentinel_2_occidental_mindoro_2021-Q2.tif,viirs_occidental_mindoro_2021-Q2.tif,194.2857072649417
75,1,2020,291244296180.30774,118.4352913210933,0,1,1,1,1,0,850.0,3,1,3,0,0,sentinel_2_surigao_del_sur_2020-Q1.tif,viirs_surigao_del_sur_2020-Q1.tif,127.61085475208895
50,4,2020,291244296180.30774,119.4024762808857,1,1,0,0,1,0,110.0,2,1,3,0,1,sentinel_2_tarlac_2020-Q4.tif,viirs_tarlac_2020-Q4.tif,199.1199201357872
18,3,2019,299682074191.28937,117.6899153350103,0,1,1,1,1,0,350.0,2,1,3,0,1,sentinel_2_aklan_2019-Q3.tif,viirs_aklan_2019-Q3.tif,266.17338408176283
82,2,2020,291244296180.30774,117.7956988014519,0,1,1,1,1,0,170.0,2,1,3,0,1,sentinel_2_marinduque_2020-Q2.tif,viirs_marinduque_2020-Q2.tif,193.96659661121325
75,3,2020,291244296180.30774,119.1285399053605,0,1,1,1,1,0,850.0,3,1,3,0,0,sentinel_2_surigao_del_sur_2020-Q3.tif,viirs_surigao_del_sur_2020-Q3.tif,152.5196361750095
117,1,2020,291244296180.30774,118.4352913210933,0,1,1,1,1,0,370.0,3,1,3,0,1,sentinel_2_masbate_2020-Q1.tif,viirs_masbate_2020-Q1.tif,275.6760328587068
120,2,2020,291244296180.30774,117.7956988014519,1,1,0,0,1,0,115.0,2,1,3,0,2,sentinel_2_nueva_ecija_2020-Q2.tif,viirs_nueva_ecija_2020-Q2.tif,184.61760686019483
94,2,2021,332183318448.6994,123.5075473904579,0,1,0,1,1,0,220.0,2,1,3,0,1,sentinel_2_camarines_norte_2021-Q2.tif,viirs_camarines_norte_2021-Q2.tif,555.0222511425169
19,2,2019,299682074191.28937,117.3681318135368,0,1,1,1,1,0,970.0,3,1,1,0,0,sentinel_2_davao_del_sur_2019-Q2.tif,viirs_davao_del_sur_2019-Q2.tif,196.70020988506587
48,4,2019,299682074191.28937,117.9406160358257,0,1,1,1,1,0,780.0,2,0,2,0,0,sentinel_2_camiguin_2019-Q4.tif,viirs_camiguin_2019-Q4.tif,264.2593008649003
107,3,2021,332183318448.6994,125.4848727349994,0,1,1,1,1,0,270.0,2,1,3,0,1,sentinel_2_romblon_2021-Q3.tif,viirs_romblon_2021-Q3.tif,208.83028879112968
39,4,2021,332183318448.6994,127.389433729792,1,1,0,0,1,0,240.0,2,0,2,0,4,sentinel_2_ifugao_2021-Q4.tif,viirs_ifugao_2021-Q4.tif,106.23424222830208
105,1,2021,332183318448.6994,120.6838014481023,0,1,0,1,1,0,470.0,2,0,3,0,1,sentinel_2_guimaras_2021-Q1.tif,viirs_guimaras_2021-Q1.tif,179.26309710504154
112,3,2020,291244296180.30774,119.1285399053605,0,1,0,1,1,0,950.0,2,1,3,0,0,sentinel_2_davao_oriental_2020-Q3.tif,viirs_davao_oriental_2020-Q3.tif,175.00170592726542
87,2,2019,299682074191.28937,117.3681318135368,0,1,1,1,1,0,460.0,2,1,3,0,1,sentinel_2_iloilo_2019-Q2.tif,viirs_iloilo_2019-Q2.tif,254.74739433299413
101,2,2021,332183318448.6994,123.5075473904579,1,1,0,0,1,0,195.0,2,0,2,0,1,sentinel_2_nueva_vizcaya_2021-Q2.tif,viirs_nueva_vizcaya_2021-Q2.tif,193.36616578825567
65,2,2020,291244296180.30774,117.7956988014519,0,1,1,1,1,0,780.0,2,1,2,0,0,sentinel_2_misamis_occidental_2020-Q2.tif,viirs_misamis_occidental_2020-Q2.tif,176.6252795672407
65,4,2021,332183318448.6994,127.389433729792,0,1,1,1,1,0,780.0,2,1,1,0,0,sentinel_2_misamis_occidental_2021-Q4.tif,viirs_misamis_occidental_2021-Q4.tif,99.64332413728388
78,3,2019,299682074191.28937,117.6899153350103,0,1,0,1,1,0,85.0,3,1,3,0,1,sentinel_2_batangas_2019-Q3.tif,viirs_batangas_2019-Q3.tif,185.6470047127544
93,4,2020,291244296180.30774,119.4024762808857,0,1,1,1,1,0,480.0,2,1,2,0,1,sentinel_2_negros_occidental_2020-Q4.tif,viirs_negros_occidental_2020-Q4.tif,181.90050265832076
28,1,2021,332183318448.6994,120.6838014481023,1,1,1,0,1,0,285.0,2,1,3,0,1,sentinel_2_isabela_2021-Q1.tif,viirs_isabela_2021-Q1.tif,222.29563407034263
29,2,2021,332183318448.6994,123.5075473904579,0,1,0,1,1,0,790.0,2,1,2,0,0,sentinel_2_lanao_del_norte_2021-Q2.tif,viirs_lanao_del_norte_2021-Q2.tif,166.73121159283025
46,2,2021,332183318448.6994,123.5075473904579,1,1,0,0,1,0,280.0,3,0,2,0,4,sentinel_2_mountain_province_2021-Q2.tif,viirs_mountain_province_2021-Q2.tif,172.00322504567822
121,1,2021,332183318448.6994,120.6838014481023,0,1,1,1,1,0,790.0,2,1,2,0,1,sentinel_2_misamis_oriental_2021-Q1.tif,viirs_misamis_oriental_2021-Q1.tif,167.83012413902233
32,3,2021,332183318448.6994,125.4848727349994,0,1,1,1,1,0,400.0,2,1,3,0,1,sentinel_2_capiz_2021-Q3.tif,viirs_capiz_2021-Q3.tif,185.00953060941137
95,4,2021,332183318448.6994,127.389433729792,0,1,0,1,1,0,33.0,2,1,3,0,1,sentinel_2_cavite_2021-Q4.tif,viirs_cavite_2021-Q4.tif,207.9510763010701
71,2,2020,291244296180.30774,117.7956988014519,0,1,1,1,1,0,690.0,2,1,1,0,1,sentinel_2_zamboanga_del_norte_2020-Q2.tif,viirs_zamboanga_del_norte_2020-Q2.tif,203.90959772094487
42,2,2019,299682074191.28937,117.3681318135368,1,1,0,0,1,0,210.0,3,0,3,0,4,sentinel_2_benguet_2019-Q2.tif,viirs_benguet_2019-Q2.tif,237.7606405429994
100,3,2021,332183318448.6994,125.4848727349994,0,1,1,1,1,0,790.0,2,1,1,0,0,sentinel_2_zamboanga_del_sur_2021-Q3.tif,viirs_zamboanga_del_sur_2021-Q3.tif,262.45747221948506
42,4,2020,291244296180.30774,119.4024762808857,1,1,0,0,1,0,210.0,3,0,3,0,4,sentinel_2_benguet_2020-Q4.tif,viirs_benguet_2020-Q4.tif,245.59259833233995
84,4,2020,291244296180.30774,119.4024762808857,0,1,1,1,1,0,570.0,2,0,2,0,1,sentinel_2_siquijor_2020-Q4.tif,viirs_siquijor_2020-Q4.tif,237.58223757311765
119,2,2019,299682074191.28937,117.3681318135368,0,1,0,1,1,0,55.0,2,1,3,0,1,sentinel_2_bataan_2019-Q2.tif,viirs_bataan_2019-Q2.tif,199.65342715224293
34,1,2020,291244296180.30774,118.4352913210933,0,1,1,1,1,0,800.0,2,1,2,0,0,sentinel_2_agusan_del_norte_2020-Q1.tif,viirs_agusan_del_norte_2020-Q1.tif,183.8432001425436
41,4,2020,291244296180.30774,119.4024762808857,0,1,1,1,1,0,750.0,3,1,3,0,0,sentinel_2_surigao_del_norte_2020-Q4.tif,viirs_surigao_del_norte_2020-Q4.tif,174.46123140769708
82,3,2019,299682074191.28937,117.6899153350103,0,1,1,1,1,0,170.0,2,1,2,0,1,sentinel_2_marinduque_2019-Q3.tif,viirs_marinduque_2019-Q3.tif,165.79127866630432
51,3,2019,299682074191.28937,117.6899153350103,0,1,1,1,1,0,350.0,2,1,3,0,1,sentinel_2_cagayan_2019-Q3.tif,viirs_cagayan_2019-Q3.tif,201.66200093713093
82,4,2019,299682074191.28937,117.9406160358257,0,1,1,1,1,0,170.0,2,1,2,0,1,sentinel_2_marinduque_2019-Q4.tif,viirs_marinduque_2019-Q4.tif,225.9127004552182
63,3,2021,332183318448.6994,125.4848727349994,0,1,0,1,1,0,640.0,2,1,3,0,0,sentinel_2_southern_leyte_2021-Q3.tif,viirs_southern_leyte_2021-Q3.tif,216.9384719812884
71,1,2019,299682074191.28937,115.9781187205398,0,1,1,1,1,0,690.0,2,1,2,0,1,sentinel_2_zamboanga_del_norte_2019-Q1.tif,viirs_zamboanga_del_norte_2019-Q1.tif,162.77085488811306
109,2,2020,291244296180.30774,117.7956988014519,0,1,0,1,1,0,570.0,2,1,3,0,0,sentinel_2_biliran_2020-Q2.tif,viirs_biliran_2020-Q2.tif,183.62545663172716
78,1,2019,299682074191.28937,115.9781187205398,0,1,0,1,1,0,85.0,3,1,3,0,1,sentinel_2_batangas_2019-Q1.tif,viirs_batangas_2019-Q1.tif,198.47183032318208
19,3,2020,291244296180.30774,119.1285399053605,0,1,1,1,1,0,970.0,3,1,2,0,0,sentinel_2_davao_del_sur_2020-Q3.tif,viirs_davao_del_sur_2020-Q3.tif,523.2387063997826
82,1,2021,332183318448.6994,120.6838014481023,0,1,1,1,1,0,170.0,2,0,3,0,1,sentinel_2_marinduque_2021-Q1.tif,viirs_marinduque_2021-Q1.tif,327.64209363436544
90,1,2020,291244296180.30774,118.4352913210933,1,1,0,0,1,0,820.0,2,0,2,0,1,sentinel_2_bukidnon_2020-Q1.tif,viirs_bukidnon_2020-Q1.tif,132.91909800413598
49,4,2020,291244296180.30774,119.4024762808857,0,1,1,1,1,0,580.0,1,0,2,0,1,sentinel_2_palawan_2020-Q4.tif,viirs_palawan_2020-Q4.tif,259.570037425544
104,1,2019,299682074191.28937,115.9781187205398,0,1,1,1,1,0,260.0,2,1,3,0,1,sentinel_2_la_union_2019-Q1.tif,viirs_la_union_2019-Q1.tif,162.14111201822217
89,3,2019,299682074191.28937,117.6899153350103,0,1,1,1,1,0,970.0,2,1,3,0,0,sentinel_2_davao_del_norte_2019-Q3.tif,viirs_davao_del_norte_2019-Q3.tif,263.4366925772134
92,4,2020,291244296180.30774,119.4024762808857,0,1,0,0,1,1,57.5,2,1,2,0,1,sentinel_2_laguna_2020-Q4.tif,viirs_laguna_2020-Q4.tif,258.1618364063185
122,1,2019,299682074191.28937,115.9781187205398,0,1,0,1,1,0,390.0,2,1,3,0,0,sentinel_2_sorsogon_2019-Q1.tif,viirs_sorsogon_2019-Q1.tif,180.87494621003583
85,4,2021,332183318448.6994,127.389433729792,0,1,1,1,1,1,260.0,2,1,3,0,1,sentinel_2_camarines_sur_2021-Q4.tif,viirs_camarines_sur_2021-Q4.tif,219.63463114963605
99,4,2019,299682074191.28937,117.9406160358257,0,1,1,1,1,0,570.0,3,1,4,0,0,sentinel_2_eastern_samar_2019-Q4.tif,viirs_eastern_samar_2019-Q4.tif,210.02220913376053
118,1,2020,291244296180.30774,118.4352913210933,1,1,0,0,1,0,18.0,3,1,3,0,1,sentinel_2_rizal_2020-Q1.tif,viirs_rizal_2020-Q1.tif,167.94627383603537
116,2,2020,291244296180.30774,117.7956988014519,1,0,0,0,1,0,400.0,2,1,2,0,1,sentinel_2_apayao_2020-Q2.tif,viirs_apayao_2020-Q2.tif,146.0655852156005
114,1,2019,299682074191.28937,115.9781187205398,0,1,1,1,1,0,570.0,2,1,2,0,1,sentinel_2_cebu_2019-Q1.tif,viirs_cebu_2019-Q1.tif,228.76249175384
112,4,2021,332183318448.6994,127.389433729792,0,1,0,1,1,0,950.0,2,1,3,0,0,sentinel_2_davao_oriental_2021-Q4.tif,viirs_davao_oriental_2021-Q4.tif,197.53785989315813
24,2,2021,332183318448.6994,123.5075473904579,0,1,1,1,1,0,470.0,2,1,3,0,0,sentinel_2_northern_samar_2021-Q2.tif,viirs_northern_samar_2021-Q2.tif,225.09037295536348
42,1,2020,291244296180.30774,118.4352913210933,1,1,0,0,1,0,210.0,3,0,3,0,4,sentinel_2_benguet_2020-Q1.tif,viirs_benguet_2020-Q1.tif,270.234846507548
67,4,2020,291244296180.30774,119.4024762808857,0,1,0,1,1,0,145.0,3,1,3,0,0,sentinel_2_aurora_2020-Q4.tif,viirs_aurora_2020-Q4.tif,301.3876043704028
113,3,2019,299682074191.28937,117.6899153350103,0,1,0,1,1,0,820.0,2,1,2,0,0,sentinel_2_zamboanga_sibugay_2019-Q3.tif,viirs_zamboanga_sibugay_2019-Q3.tif,158.8427270831735
122,2,2020,291244296180.30774,117.7956988014519,0,1,0,1,1,0,390.0,2,1,3,0,0,sentinel_2_sorsogon_2020-Q2.tif,viirs_sorsogon_2020-Q2.tif,256.3073247340034
9,1,2021,332183318448.6994,120.6838014481023,0,1,1,1,1,0,370.0,2,1,4,0,0,sentinel_2_catanduanes_2021-Q1.tif,viirs_catanduanes_2021-Q1.tif,245.4696037007681
105,4,2021,332183318448.6994,127.389433729792,0,1,0,1,1,0,470.0,2,0,3,0,1,sentinel_2_guimaras_2021-Q4.tif,viirs_guimaras_2021-Q4.tif,213.8558104229018
5,1,2021,332183318448.6994,120.6838014481023,0,1,1,1,1,0,410.0,2,1,2,0,1,sentinel_2_antique_2021-Q1.tif,viirs_antique_2021-Q1.tif,229.75778923438776
71,4,2019,299682074191.28937,117.9406160358257,0,1,1,1,1,0,690.0,2,1,2,0,1,sentinel_2_zamboanga_del_norte_2019-Q4.tif,viirs_zamboanga_del_norte_2019-Q4.tif,137.22908342671585
122,4,2020,291244296180.30774,119.4024762808857,0,1,0,1,1,0,390.0,2,1,3,0,0,sentinel_2_sorsogon_2020-Q4.tif,viirs_sorsogon_2020-Q4.tif,270.196118309937
121,4,2021,332183318448.6994,127.389433729792,0,1,1,1,1,0,790.0,2,1,2,0,1,sentinel_2_misamis_oriental_2021-Q4.tif,viirs_misamis_oriental_2021-Q4.tif,224.77055560087337
79,3,2019,299682074191.28937,117.6899153350103,0,1,1,1,1,0,630.0,2,1,2,0,1,sentinel_2_bohol_2019-Q3.tif,viirs_bohol_2019-Q3.tif,186.69157249389627
103,2,2021,332183318448.6994,123.5075473904579,0,1,1,1,1,0,950.0,2,1,1,0,0,sentinel_2_sultan_kudarat_2021-Q2.tif,viirs_sultan_kudarat_2021-Q2.tif,187.27508641471707
36,4,2019,299682074191.28937,117.9406160358257,1,1,1,0,1,0,1000.0,2,1,1,0,1,sentinel_2_south_cotabato_2019-Q4.tif,viirs_south_cotabato_2019-Q4.tif,231.0906544949624
84,1,2020,291244296180.30774,118.4352913210933,0,1,1,1,1,0,570.0,2,0,2,0,1,sentinel_2_siquijor_2020-Q1.tif,viirs_siquijor_2020-Q1.tif,221.05170931588023
119,1,2021,332183318448.6994,120.6838014481023,0,1,0,1,1,0,55.0,2,1,3,0,1,sentinel_2_bataan_2021-Q1.tif,viirs_bataan_2021-Q1.tif,429.3510030418964
25,1,2019,299682074191.28937,115.9781187205398,1,1,0,0,1,0,265.0,2,0,2,0,1,sentinel_2_quirino_2019-Q1.tif,viirs_quirino_2019-Q1.tif,323.244824538515
51,3,2021,332183318448.6994,125.4848727349994,0,1,1,1,1,0,350.0,2,1,3,0,1,sentinel_2_cagayan_2021-Q3.tif,viirs_cagayan_2021-Q3.tif,173.31387386823496
65,1,2020,291244296180.30774,118.4352913210933,0,1,1,1,1,0,780.0,2,1,2,0,0,sentinel_2_misamis_occidental_2020-Q1.tif,viirs_misamis_occidental_2020-Q1.tif,178.33900115642456
80,2,2020,291244296180.30774,117.7956988014519,1,1,0,0,1,0,340.0,2,1,2,0,1,sentinel_2_kalinga_2020-Q2.tif,viirs_kalinga_2020-Q2.tif,179.16250532251857
36,3,2020,291244296180.30774,119.1285399053605,1,1,1,0,1,0,1000.0,2,1,1,1,1,sentinel_2_south_cotabato_2020-Q3.tif,viirs_south_cotabato_2020-Q3.tif,195.53889040846536
19,4,2019,299682074191.28937,117.9406160358257,0,1,1,1,1,0,970.0,3,1,1,0,0,sentinel_2_davao_del_sur_2019-Q4.tif,viirs_davao_del_sur_2019-Q4.tif,303.2940386950313
75,4,2020,291244296180.30774,119.4024762808857,0,1,1,1,1,0,850.0,3,1,3,0,0,sentinel_2_surigao_del_sur_2020-Q4.tif,viirs_surigao_del_sur_2020-Q4.tif,118.87302119518286
119,2,2021,332183318448.6994,123.5075473904579,0,1,0,1,1,0,55.0,2,1,3,0,1,sentinel_2_bataan_2021-Q2.tif,viirs_bataan_2021-Q2.tif,227.334844495062
20,2,2019,299682074191.28937,117.3681318135368,1,1,0,0,1,1,30.0,2,1,3,0,1,sentinel_2_bulacan_2019-Q2.tif,viirs_bulacan_2019-Q2.tif,144.36940952893303
52,3,2021,332183318448.6994,125.4848727349994,1,1,0,0,1,0,800.0,2,1,2,0,0,sentinel_2_agusan_del_sur_2021-Q3.tif,viirs_agusan_del_sur_2021-Q3.tif,287.0667342140913
51,2,2021,332183318448.6994,123.5075473904579,0,1,1,1,1,0,350.0,2,1,3,0,1,sentinel_2_cagayan_2021-Q2.tif,viirs_cagayan_2021-Q2.tif,180.61206337048893
64,4,2020,291244296180.30774,119.4024762808857,0,1,0,1,1,0,1050.0,2,1,2,0,0,sentinel_2_davao_occidental_2020-Q4.tif,viirs_davao_occidental_2020-Q4.tif,619.088659172666
112,1,2021,332183318448.6994,120.6838014481023,0,1,0,1,1,0,950.0,2,1,3,0,0,sentinel_2_davao_oriental_2021-Q1.tif,viirs_davao_oriental_2021-Q1.tif,197.49480952522245
108,2,2020,291244296180.30774,117.7956988014519,0,1,1,1,1,0,170.0,2,1,3,0,1,sentinel_2_pangasinan_2020-Q2.tif,viirs_pangasinan_2020-Q2.tif,261.4513675102635
71,3,2021,332183318448.6994,125.4848727349994,0,1,1,1,1,0,690.0,2,1,2,0,1,sentinel_2_zamboanga_del_norte_2021-Q3.tif,viirs_zamboanga_del_norte_2021-Q3.tif,122.76470657288328
103,1,2019,299682074191.28937,115.9781187205398,0,1,1,1,1,0,950.0,2,1,1,0,0,sentinel_2_sultan_kudarat_2019-Q1.tif,viirs_sultan_kudarat_2019-Q1.tif,219.4308164275953
71,1,2020,291244296180.30774,118.4352913210933,0,1,1,1,1,0,690.0,2,1,1,0,1,sentinel_2_zamboanga_del_norte_2020-Q1.tif,viirs_zamboanga_del_norte_2020-Q1.tif,125.6280963950767
75,4,2021,332183318448.6994,127.389433729792,0,1,1,1,1,0,850.0,3,1,3,0,0,sentinel_2_surigao_del_sur_2021-Q4.tif,viirs_surigao_del_sur_2021-Q4.tif,149.7232191797518
33,3,2020,291244296180.30774,119.1285399053605,1,1,0,0,1,0,330.0,3,1,2,0,1,sentinel_2_abra_2020-Q3.tif,viirs_abra_2020-Q3.tif,176.93558528732072
91,1,2020,291244296180.30774,118.4352913210933,0,2,1,1,1,1,0.0,3,1,3,0,1,sentinel_2_national_capital_region_2020-Q1.tif,viirs_national_capital_region_2020-Q1.tif,244.6326817323947
4,1,2019,299682074191.28937,115.9781187205398,1,1,1,0,1,1,65.0,2,1,2,0,1,sentinel_2_pampanga_2019-Q1.tif,viirs_pampanga_2019-Q1.tif,204.0414887135611
123,2,2020,291244296180.30774,117.7956988014519,0,1,1,1,1,0,660.0,3,0,3,0,3,sentinel_2_batanes_2020-Q2.tif,viirs_batanes_2020-Q2.tif,356.6732267806579
124,1,2020,291244296180.30774,118.4352913210933,1,0,0,0,1,0,820.0,2,0,2,0,0,sentinel_2_lanao_del_sur_2020-Q1.tif,viirs_lanao_del_sur_2020-Q1.tif,178.86056687575655
124,4,2021,332183318448.6994,127.389433729792,1,0,0,0,1,0,820.0,2,1,1,0,0,sentinel_2_lanao_del_sur_2021-Q4.tif,viirs_lanao_del_sur_2021-Q4.tif,167.13905330211827
99,4,2020,291244296180.30774,119.4024762808857,0,1,1,1,1,0,570.0,3,1,4,0,0,sentinel_2_eastern_samar_2020-Q4.tif,viirs_eastern_samar_2020-Q4.tif,250.6208623866516
117,4,2021,332183318448.6994,127.389433729792,0,1,1,1,1,0,370.0,3,1,3,0,1,sentinel_2_masbate_2021-Q4.tif,viirs_masbate_2021-Q4.tif,274.1574721501474
100,2,2019,299682074191.28937,117.3681318135368,0,1,1,1,1,0,790.0,2,1,1,0,0,sentinel_2_zamboanga_del_sur_2019-Q2.tif,viirs_zamboanga_del_sur_2019-Q2.tif,144.0228695384859
71,2,2019,299682074191.28937,117.3681318135368,0,1,1,1,1,0,690.0,2,1,2,0,1,sentinel_2_zamboanga_del_norte_2019-Q2.tif,viirs_zamboanga_del_norte_2019-Q2.tif,163.22617256042264
64,2,2019,299682074191.28937,117.3681318135368,0,1,0,0,1,0,1050.0,2,1,1,0,0,sentinel_2_davao_occidental_2019-Q2.tif,viirs_davao_occidental_2019-Q2.tif,189.93193399549537
83,4,2019,299682074191.28937,117.9406160358257,0,1,1,1,1,0,630.0,2,1,2,0,1,sentinel_2_negros_oriental_2019-Q4.tif,viirs_negros_oriental_2019-Q4.tif,191.6024895376735
24,3,2019,299682074191.28937,117.6899153350103,0,1,1,1,1,0,470.0,2,1,3,0,0,sentinel_2_northern_samar_2019-Q3.tif,viirs_northern_samar_2019-Q3.tif,211.3093852389173
28,3,2020,291244296180.30774,119.1285399053605,1,1,1,0,1,0,285.0,2,1,3,0,1,sentinel_2_isabela_2020-Q3.tif,viirs_isabela_2020-Q3.tif,353.2993825028669
19,3,2021,332183318448.6994,125.4848727349994,0,1,1,1,1,0,970.0,3,1,1,0,0,sentinel_2_davao_del_sur_2021-Q3.tif,viirs_davao_del_sur_2021-Q3.tif,234.42634429646705
20,1,2020,291244296180.30774,118.4352913210933,1,1,0,0,1,1,30.0,2,1,2,0,1,sentinel_2_bulacan_2020-Q1.tif,viirs_bulacan_2020-Q1.tif,129.98189880149786
25,4,2021,332183318448.6994,127.389433729792,1,1,0,0,1,0,265.0,2,1,2,0,1,sentinel_2_quirino_2021-Q4.tif,viirs_quirino_2021-Q4.tif,296.63669757092964
118,3,2021,332183318448.6994,125.4848727349994,1,1,0,0,1,0,18.0,3,1,3,0,1,sentinel_2_rizal_2021-Q3.tif,viirs_rizal_2021-Q3.tif,428.57841644635175
46,4,2021,332183318448.6994,127.389433729792,1,1,0,0,1,0,280.0,3,0,2,0,4,sentinel_2_mountain_province_2021-Q4.tif,viirs_mountain_province_2021-Q4.tif,214.7343152454314
87,4,2021,332183318448.6994,127.389433729792,0,1,1,1,1,0,460.0,2,1,3,0,1,sentinel_2_iloilo_2021-Q4.tif,viirs_iloilo_2021-Q4.tif,278.3228867772329
5,1,2020,291244296180.30774,118.4352913210933,0,1,1,1,1,0,410.0,2,1,2,0,1,sentinel_2_antique_2020-Q1.tif,viirs_antique_2020-Q1.tif,207.50925164642825
13,4,2021,332183318448.6994,127.389433729792,0,1,1,1,1,0,570.0,2,1,3,0,0,sentinel_2_leyte_2021-Q4.tif,viirs_leyte_2021-Q4.tif,191.30566955373516
3,1,2021,332183318448.6994,120.6838014481023,0,1,1,1,1,0,870.0,3,1,2,1,0,sentinel_2_cotabato_2021-Q1.tif,viirs_cotabato_2021-Q1.tif,238.1229135503758
65,1,2021,332183318448.6994,120.6838014481023,0,1,1,1,1,0,780.0,2,1,1,0,0,sentinel_2_misamis_occidental_2021-Q1.tif,viirs_misamis_occidental_2021-Q1.tif,109.93243648682343
124,2,2020,291244296180.30774,117.7956988014519,1,0,0,0,1,0,820.0,2,0,2,0,0,sentinel_2_lanao_del_sur_2020-Q2.tif,viirs_lanao_del_sur_2020-Q2.tif,201.996370595356
48,3,2020,291244296180.30774,119.1285399053605,0,1,1,1,1,0,780.0,2,0,2,0,0,sentinel_2_camiguin_2020-Q3.tif,viirs_camiguin_2020-Q3.tif,120.48759115188912
78,2,2021,332183318448.6994,123.5075473904579,0,1,0,1,1,0,85.0,3,1,3,0,1,sentinel_2_batangas_2021-Q2.tif,viirs_batangas_2021-Q2.tif,216.9690818102144
42,1,2021,332183318448.6994,120.6838014481023,1,1,0,0,1,0,210.0,3,0,3,0,4,sentinel_2_benguet_2021-Q1.tif,viirs_benguet_2021-Q1.tif,308.72636729241896
119,4,2020,291244296180.30774,119.4024762808857,0,1,0,1,1,0,55.0,2,1,2,0,1,sentinel_2_bataan_2020-Q4.tif,viirs_bataan_2020-Q4.tif,235.17724056382036
82,3,2021,332183318448.6994,125.4848727349994,0,1,1,1,1,0,170.0,2,0,3,0,1,sentinel_2_marinduque_2021-Q3.tif,viirs_marinduque_2021-Q3.tif,204.1584943979733
96,1,2021,332183318448.6994,120.6838014481023,0,1,1,1,1,0,880.0,2,0,2,0,0,sentinel_2_basilan_2021-Q1.tif,viirs_basilan_2021-Q1.tif,576.770287083825
90,3,2021,332183318448.6994,125.4848727349994,1,1,0,0,1,0,820.0,2,0,1,0,1,sentinel_2_bukidnon_2021-Q3.tif,viirs_bukidnon_2021-Q3.tif,185.4883669199721
89,2,2020,291244296180.30774,117.7956988014519,0,1,1,1,1,0,970.0,2,1,2,0,0,sentinel_2_davao_del_norte_2020-Q2.tif,viirs_davao_del_norte_2020-Q2.tif,219.3367200478029
89,1,2019,299682074191.28937,115.9781187205398,0,1,1,1,1,0,970.0,2,1,3,0,0,sentinel_2_davao_del_norte_2019-Q1.tif,viirs_davao_del_norte_2019-Q1.tif,169.41815564938474
85,1,2021,332183318448.6994,120.6838014481023,0,1,1,1,1,1,260.0,2,1,3,0,1,sentinel_2_camarines_sur_2021-Q1.tif,viirs_camarines_sur_2021-Q1.tif,188.36210279452348
76,1,2019,299682074191.28937,115.9781187205398,0,1,0,1,1,0,1030.0,2,1,2,0,0,sentinel_2_sarangani_2019-Q1.tif,viirs_sarangani_2019-Q1.tif,172.1369836065574
33,3,2021,332183318448.6994,125.4848727349994,1,1,0,0,1,0,330.0,3,0,2,0,1,sentinel_2_abra_2021-Q3.tif,viirs_abra_2021-Q3.tif,179.19415087513582
84,2,2021,332183318448.6994,123.5075473904579,0,1,1,1,1,0,570.0,2,0,2,0,1,sentinel_2_siquijor_2021-Q2.tif,viirs_siquijor_2021-Q2.tif,218.7633374408632
48,1,2020,291244296180.30774,118.4352913210933,0,1,1,1,1,0,780.0,2,0,2,0,0,sentinel_2_camiguin_2020-Q1.tif,viirs_camiguin_2020-Q1.tif,171.9564823616219
3,2,2020,291244296180.30774,117.7956988014519,1,1,1,0,1,0,870.0,3,1,2,0,0,sentinel_2_cotabato_2020-Q2.tif,viirs_cotabato_2020-Q2.tif,162.15501648420073
92,3,2019,299682074191.28937,117.6899153350103,0,1,0,0,1,1,57.5,2,1,2,0,1,sentinel_2_laguna_2019-Q3.tif,viirs_laguna_2019-Q3.tif,207.0828609963125
124,3,2019,299682074191.28937,117.6899153350103,0,0,1,0,1,0,820.0,2,1,3,0,0,sentinel_2_lanao_del_sur_2019-Q3.tif,viirs_lanao_del_sur_2019-Q3.tif,128.95427467800053
84,2,2019,299682074191.28937,117.3681318135368,0,1,1,1,1,0,570.0,2,0,2,0,1,sentinel_2_siquijor_2019-Q2.tif,viirs_siquijor_2019-Q2.tif,170.75303210194335
29,4,2020,291244296180.30774,119.4024762808857,0,1,0,1,1,0,790.0,2,1,2,1,0,sentinel_2_lanao_del_norte_2020-Q4.tif,viirs_lanao_del_norte_2020-Q4.tif,251.56679572057
20,3,2020,291244296180.30774,119.1285399053605,1,1,0,0,1,1,30.0,2,1,2,0,1,sentinel_2_bulacan_2020-Q3.tif,viirs_bulacan_2020-Q3.tif,143.4154586436986
13,3,2021,332183318448.6994,125.4848727349994,0,1,1,1,1,0,570.0,2,1,3,0,0,sentinel_2_leyte_2021-Q3.tif,viirs_leyte_2021-Q3.tif,203.56879998909568
123,4,2020,291244296180.30774,119.4024762808857,0,1,1,1,1,0,660.0,3,0,3,0,3,sentinel_2_batanes_2020-Q4.tif,viirs_batanes_2020-Q4.tif,353.28124552282486
90,1,2021,332183318448.6994,120.6838014481023,1,1,0,0,1,0,820.0,2,0,1,0,1,sentinel_2_bukidnon_2021-Q1.tif,viirs_bukidnon_2021-Q1.tif,157.55915038635305
101,4,2020,291244296180.30774,119.4024762808857,1,1,0,0,1,0,195.0,2,1,2,0,1,sentinel_2_nueva_vizcaya_2020-Q4.tif,viirs_nueva_vizcaya_2020-Q4.tif,224.12614455346463
19,3,2019,299682074191.28937,117.6899153350103,0,1,1,1,1,0,970.0,3,1,1,0,0,sentinel_2_davao_del_sur_2019-Q3.tif,viirs_davao_del_sur_2019-Q3.tif,210.8901030104568
52,1,2021,332183318448.6994,120.6838014481023,1,1,0,0,1,0,800.0,2,1,2,0,0,sentinel_2_agusan_del_sur_2021-Q1.tif,viirs_agusan_del_sur_2021-Q1.tif,228.31456108354547
100,1,2020,291244296180.30774,118.4352913210933,0,1,1,1,1,0,790.0,2,1,2,0,0,sentinel_2_zamboanga_del_sur_2020-Q1.tif,viirs_zamboanga_del_sur_2020-Q1.tif,263.1559936692464
83,1,2020,291244296180.30774,118.4352913210933,0,1,1,1,1,0,630.0,2,1,2,0,1,sentinel_2_negros_oriental_2020-Q1.tif,viirs_negros_oriental_2020-Q1.tif,183.96489178776383
93,2,2020,291244296180.30774,117.7956988014519,0,1,1,1,1,0,480.0,2,1,2,0,1,sentinel_2_negros_occidental_2020-Q2.tif,viirs_negros_occidental_2020-Q2.tif,132.476158821565
30,4,2020,291244296180.30774,119.4024762808857,0,1,1,1,1,0,150.0,2,1,2,0,1,sentinel_2_occidental_mindoro_2020-Q4.tif,viirs_occidental_mindoro_2020-Q4.tif,218.8080077667029
39,3,2020,291244296180.30774,119.1285399053605,1,1,0,0,1,0,240.0,2,0,2,0,4,sentinel_2_ifugao_2020-Q3.tif,viirs_ifugao_2020-Q3.tif,53.367955630314334
84,1,2021,332183318448.6994,120.6838014481023,0,1,1,1,1,0,570.0,2,0,2,0,1,sentinel_2_siquijor_2021-Q1.tif,viirs_siquijor_2021-Q1.tif,251.88213051943023
71,2,2021,332183318448.6994,123.5075473904579,0,1,1,1,1,0,690.0,2,1,2,0,1,sentinel_2_zamboanga_del_norte_2021-Q2.tif,viirs_zamboanga_del_norte_2021-Q2.tif,146.1918454664672
4,3,2020,291244296180.30774,119.1285399053605,1,1,1,0,1,1,65.0,2,1,3,0,1,sentinel_2_pampanga_2020-Q3.tif,viirs_pampanga_2020-Q3.tif,222.98372119652063
24,2,2020,291244296180.30774,117.7956988014519,0,1,1,1,1,0,470.0,2,1,3,0,0,sentinel_2_northern_samar_2020-Q2.tif,viirs_northern_samar_2020-Q2.tif,203.3811076638989
0,2,2019,299682074191.28937,117.3681318135368,0,1,0,1,1,0,770.0,2,1,3,0,0,sentinel_2_dinagat_islands_2019-Q2.tif,viirs_dinagat_islands_2019-Q2.tif,136.8125992740024
121,3,2021,332183318448.6994,125.4848727349994,0,1,1,1,1,0,790.0,2,1,2,0,1,sentinel_2_misamis_oriental_2021-Q3.tif,viirs_misamis_oriental_2021-Q3.tif,224.2057968971453
104,2,2020,291244296180.30774,117.7956988014519,0,1,1,1,1,0,260.0,2,1,2,0,1,sentinel_2_la_union_2020-Q2.tif,viirs_la_union_2020-Q2.tif,191.3873669302868
43,1,2021,332183318448.6994,120.6838014481023,0,1,1,1,1,0,330.0,3,1,4,0,0,sentinel_2_albay_2021-Q1.tif,viirs_albay_2021-Q1.tif,434.3531055227064
85,2,2021,332183318448.6994,123.5075473904579,0,1,1,1,1,1,260.0,2,1,3,0,1,sentinel_2_camarines_sur_2021-Q2.tif,viirs_camarines_sur_2021-Q2.tif,263.29731721832536
112,4,2019,299682074191.28937,117.9406160358257,0,1,0,1,1,0,950.0,2,1,3,0,0,sentinel_2_davao_oriental_2019-Q4.tif,viirs_davao_oriental_2019-Q4.tif,217.11595455158565
63,3,2020,291244296180.30774,119.1285399053605,0,1,0,1,1,0,640.0,2,1,3,0,0,sentinel_2_southern_leyte_2020-Q3.tif,viirs_southern_leyte_2020-Q3.tif,208.18168099149483
107,2,2020,291244296180.30774,117.7956988014519,0,1,1,1,1,0,270.0,2,0,3,0,1,sentinel_2_romblon_2020-Q2.tif,viirs_romblon_2020-Q2.tif,164.1501276655632
97,4,2019,299682074191.28937,117.9406160358257,0,1,0,1,1,0,340.0,2,1,2,0,2,sentinel_2_ilocos_sur_2019-Q4.tif,viirs_ilocos_sur_2019-Q4.tif,189.17173389322443
109,4,2020,291244296180.30774,119.4024762808857,0,1,0,1,1,0,570.0,2,1,3,0,0,sentinel_2_biliran_2020-Q4.tif,viirs_biliran_2020-Q4.tif,213.30475585252577
104,3,2021,332183318448.6994,125.4848727349994,0,1,0,1,1,0,260.0,2,1,3,0,1,sentinel_2_la_union_2021-Q3.tif,viirs_la_union_2021-Q3.tif,192.0297698816592
91,1,2021,332183318448.6994,120.6838014481023,0,2,1,1,1,1,0.0,3,1,2,0,1,sentinel_2_national_capital_region_2021-Q1.tif,viirs_national_capital_region_2021-Q1.tif,318.77885351703924
101,3,2020,291244296180.30774,119.1285399053605,1,1,0,0,1,0,195.0,2,1,2,0,1,sentinel_2_nueva_vizcaya_2020-Q3.tif,viirs_nueva_vizcaya_2020-Q3.tif,442.3374776573142
124,2,2019,299682074191.28937,117.3681318135368,0,0,1,0,1,0,820.0,2,1,3,0,0,sentinel_2_lanao_del_sur_2019-Q2.tif,viirs_lanao_del_sur_2019-Q2.tif,232.4520363316647
97,4,2021,332183318448.6994,127.389433729792,0,1,0,1,1,0,340.0,2,1,3,0,2,sentinel_2_ilocos_sur_2021-Q4.tif,viirs_ilocos_sur_2021-Q4.tif,232.5539341807917
23,3,2021,332183318448.6994,125.4848727349994,0,1,1,1,1,0,500.0,2,1,3,0,0,sentinel_2_samar_2021-Q3.tif,viirs_samar_2021-Q3.tif,155.88108857903924
48,2,2020,291244296180.30774,117.7956988014519,0,1,1,1,1,0,780.0,2,0,2,0,0,sentinel_2_camiguin_2020-Q2.tif,viirs_camiguin_2020-Q2.tif,113.50209789215066
50,2,2020,291244296180.30774,117.7956988014519,1,1,0,0,1,0,110.0,2,1,3,0,1,sentinel_2_tarlac_2020-Q2.tif,viirs_tarlac_2020-Q2.tif,157.34310758225854
109,2,2019,299682074191.28937,117.3681318135368,0,1,0,1,1,0,570.0,2,1,3,0,0,sentinel_2_biliran_2019-Q2.tif,viirs_biliran_2019-Q2.tif,222.2762722178068
95,2,2019,299682074191.28937,117.3681318135368,0,1,0,1,1,0,33.0,2,1,3,0,1,sentinel_2_cavite_2019-Q2.tif,viirs_cavite_2019-Q2.tif,176.3219877090955
123,4,2019,299682074191.28937,117.9406160358257,0,1,1,1,1,0,660.0,3,0,4,0,3,sentinel_2_batanes_2019-Q4.tif,viirs_batanes_2019-Q4.tif,191.52519482692617
94,1,2019,299682074191.28937,115.9781187205398,0,1,0,1,1,0,220.0,2,1,3,0,1,sentinel_2_camarines_norte_2019-Q1.tif,viirs_camarines_norte_2019-Q1.tif,158.675600105378
119,1,2019,299682074191.28937,115.9781187205398,0,1,0,1,1,0,55.0,2,1,3,0,1,sentinel_2_bataan_2019-Q1.tif,viirs_bataan_2019-Q1.tif,193.2080274740017
117,2,2019,299682074191.28937,117.3681318135368,0,1,1,1,1,0,370.0,3,1,3,0,1,sentinel_2_masbate_2019-Q2.tif,viirs_masbate_2019-Q2.tif,180.14463794841024
119,4,2019,299682074191.28937,117.9406160358257,0,1,0,1,1,0,55.0,2,1,3,0,1,sentinel_2_bataan_2019-Q4.tif,viirs_bataan_2019-Q4.tif,211.05341401171464
64,2,2021,332183318448.6994,123.5075473904579,0,1,0,0,1,0,1050.0,2,1,1,0,0,sentinel_2_davao_occidental_2021-Q2.tif,viirs_davao_occidental_2021-Q2.tif,213.59422681645097
119,2,2020,291244296180.30774,117.7956988014519,0,1,0,1,1,0,55.0,2,1,2,0,1,sentinel_2_bataan_2020-Q2.tif,viirs_bataan_2020-Q2.tif,165.29493092734268
65,2,2019,299682074191.28937,117.3681318135368,0,1,1,1,1,0,780.0,2,1,1,0,0,sentinel_2_misamis_occidental_2019-Q2.tif,viirs_misamis_occidental_2019-Q2.tif,168.19115743572965
62,2,2019,299682074191.28937,117.3681318135368,0,1,1,1,1,0,115.0,2,1,3,0,1,sentinel_2_zambales_2019-Q2.tif,viirs_zambales_2019-Q2.tif,182.16131313335453
124,4,2020,291244296180.30774,119.4024762808857,1,0,0,0,1,0,820.0,2,0,2,0,0,sentinel_2_lanao_del_sur_2020-Q4.tif,viirs_lanao_del_sur_2020-Q4.tif,206.7702876868959
49,2,2019,299682074191.28937,117.3681318135368,0,1,1,1,1,0,580.0,1,0,1,0,1,sentinel_2_palawan_2019-Q2.tif,viirs_palawan_2019-Q2.tif,230.1608421959405
43,3,2020,291244296180.30774,119.1285399053605,0,1,1,1,1,1,330.0,3,1,4,0,0,sentinel_2_albay_2020-Q3.tif,viirs_albay_2020-Q3.tif,287.68793338881505
65,4,2020,291244296180.30774,119.4024762808857,0,1,1,1,1,0,780.0,2,1,2,0,0,sentinel_2_misamis_occidental_2020-Q4.tif,viirs_misamis_occidental_2020-Q4.tif,126.96107332099344
92,2,2020,291244296180.30774,117.7956988014519,0,1,0,0,1,1,57.5,2,1,2,0,1,sentinel_2_laguna_2020-Q2.tif,viirs_laguna_2020-Q2.tif,165.70875281890338
117,3,2019,299682074191.28937,117.6899153350103,0,1,1,1,1,0,370.0,3,1,3,0,1,sentinel_2_masbate_2019-Q3.tif,viirs_masbate_2019-Q3.tif,257.7408701857797
3,3,2020,291244296180.30774,119.1285399053605,1,1,1,0,1,0,870.0,3,1,2,0,0,sentinel_2_cotabato_2020-Q3.tif,viirs_cotabato_2020-Q3.tif,253.5518709395504
62,1,2021,332183318448.6994,120.6838014481023,0,1,0,1,1,0,115.0,2,1,3,0,1,sentinel_2_zambales_2021-Q1.tif,viirs_zambales_2021-Q1.tif,244.0409505715535
113,1,2021,332183318448.6994,120.6838014481023,0,1,0,1,1,0,820.0,2,1,1,0,0,sentinel_2_zamboanga_sibugay_2021-Q1.tif,viirs_zamboanga_sibugay_2021-Q1.tif,124.2886135843613
33,1,2020,291244296180.30774,118.4352913210933,1,1,0,0,1,0,330.0,3,1,2,0,1,sentinel_2_abra_2020-Q1.tif,viirs_abra_2020-Q1.tif,178.03766954025562
92,3,2020,291244296180.30774,119.1285399053605,0,1,0,0,1,1,57.5,2,1,2,0,1,sentinel_2_laguna_2020-Q3.tif,viirs_laguna_2020-Q3.tif,204.7661583153943
51,2,2020,291244296180.30774,117.7956988014519,0,1,1,1,1,0,350.0,2,1,3,0,1,sentinel_2_cagayan_2020-Q2.tif,viirs_cagayan_2020-Q2.tif,194.8373055328764
39,1,2019,299682074191.28937,115.9781187205398,1,1,0,0,1,0,240.0,2,1,2,0,4,sentinel_2_ifugao_2019-Q1.tif,viirs_ifugao_2019-Q1.tif,239.99707105436391
63,2,2020,291244296180.30774,117.7956988014519,0,1,0,1,1,0,640.0,2,1,3,0,0,sentinel_2_southern_leyte_2020-Q2.tif,viirs_southern_leyte_2020-Q2.tif,180.4789043205682
42,2,2021,332183318448.6994,123.5075473904579,1,1,0,0,1,0,210.0,3,0,3,0,4,sentinel_2_benguet_2021-Q2.tif,viirs_benguet_2021-Q2.tif,234.0003026154777
30,4,2021,332183318448.6994,127.389433729792,0,1,1,1,1,0,150.0,2,1,2,0,1,sentinel_2_occidental_mindoro_2021-Q4.tif,viirs_occidental_mindoro_2021-Q4.tif,226.8712129710108
121,2,2020,291244296180.30774,117.7956988014519,0,1,1,1,1,0,790.0,2,1,3,0,1,sentinel_2_misamis_oriental_2020-Q2.tif,viirs_misamis_oriental_2020-Q2.tif,225.2679044041099
67,4,2021,332183318448.6994,127.389433729792,0,1,0,0,1,0,145.0,3,1,3,0,0,sentinel_2_aurora_2021-Q4.tif,viirs_aurora_2021-Q4.tif,259.107433400411
97,1,2020,291244296180.30774,118.4352913210933,0,1,0,1,1,0,340.0,2,1,3,1,2,sentinel_2_ilocos_sur_2020-Q1.tif,viirs_ilocos_sur_2020-Q1.tif,178.46001020554516
89,1,2020,291244296180.30774,118.4352913210933,0,1,1,1,1,0,970.0,2,1,2,0,0,sentinel_2_davao_del_norte_2020-Q1.tif,viirs_davao_del_norte_2020-Q1.tif,131.09758936830428
23,2,2020,291244296180.30774,117.7956988014519,0,1,1,1,1,0,500.0,2,1,3,0,0,sentinel_2_samar_2020-Q2.tif,viirs_samar_2020-Q2.tif,299.621925756494
118,3,2019,299682074191.28937,117.6899153350103,0,1,0,0,1,0,18.0,3,1,2,0,1,sentinel_2_rizal_2019-Q3.tif,viirs_rizal_2019-Q3.tif,271.3001233359929
99,2,2019,299682074191.28937,117.3681318135368,0,1,1,1,1,0,570.0,3,1,4,0,0,sentinel_2_eastern_samar_2019-Q2.tif,viirs_eastern_samar_2019-Q2.tif,240.64580433021703
71,3,2019,299682074191.28937,117.6899153350103,0,1,1,1,1,0,690.0,2,1,2,0,1,sentinel_2_zamboanga_del_norte_2019-Q3.tif,viirs_zamboanga_del_norte_2019-Q3.tif,150.7741815141773
116,4,2020,291244296180.30774,119.4024762808857,1,0,0,0,1,0,400.0,2,1,2,0,1,sentinel_2_apayao_2020-Q4.tif,viirs_apayao_2020-Q4.tif,167.01739529788364
100,4,2020,291244296180.30774,119.4024762808857,0,1,1,1,1,0,790.0,2,1,2,0,0,sentinel_2_zamboanga_del_sur_2020-Q4.tif,viirs_zamboanga_del_sur_2020-Q4.tif,217.13469939961792
119,3,2021,332183318448.6994,125.4848727349994,0,1,0,1,1,0,55.0,2,1,3,0,1,sentinel_2_bataan_2021-Q3.tif,viirs_bataan_2021-Q3.tif,255.50296007156865
117,2,2020,291244296180.30774,117.7956988014519,0,1,1,1,1,0,370.0,3,1,3,0,1,sentinel_2_masbate_2020-Q2.tif,viirs_masbate_2020-Q2.tif,290.38965924194883
82,4,2021,332183318448.6994,127.389433729792,0,1,1,1,1,0,170.0,2,0,3,0,1,sentinel_2_marinduque_2021-Q4.tif,viirs_marinduque_2021-Q4.tif,196.0196631112444
123,3,2021,332183318448.6994,125.4848727349994,0,1,1,1,1,0,660.0,3,0,3,0,3,sentinel_2_batanes_2021-Q3.tif,viirs_batanes_2021-Q3.tif,472.3531325402299
80,1,2020,291244296180.30774,118.4352913210933,1,1,0,0,1,0,340.0,2,1,2,0,1,sentinel_2_kalinga_2020-Q1.tif,viirs_kalinga_2020-Q1.tif,204.27036730661172
99,3,2020,291244296180.30774,119.1285399053605,0,1,1,1,1,0,570.0,3,1,4,0,0,sentinel_2_eastern_samar_2020-Q3.tif,viirs_eastern_samar_2020-Q3.tif,258.90354259044693
76,3,2020,291244296180.30774,119.1285399053605,0,1,0,1,1,0,1030.0,2,1,2,0,0,sentinel_2_sarangani_2020-Q3.tif,viirs_sarangani_2020-Q3.tif,165.02867054813453
29,1,2020,291244296180.30774,118.4352913210933,0,1,0,1,1,0,790.0,2,1,2,1,0,sentinel_2_lanao_del_norte_2020-Q1.tif,viirs_lanao_del_norte_2020-Q1.tif,234.362076038243
89,3,2021,332183318448.6994,125.4848727349994,0,1,1,1,1,0,970.0,2,1,2,0,0,sentinel_2_davao_del_norte_2021-Q3.tif,viirs_davao_del_norte_2021-Q3.tif,138.1180558699172
109,3,2021,332183318448.6994,125.4848727349994,0,1,0,1,1,0,570.0,2,1,3,0,0,sentinel_2_biliran_2021-Q3.tif,viirs_biliran_2021-Q3.tif,288.87219381632684
47,2,2021,332183318448.6994,123.5075473904579,0,1,1,1,1,0,130.0,2,1,3,0,1,sentinel_2_oriental_mindoro_2021-Q2.tif,viirs_oriental_mindoro_2021-Q2.tif,204.1714403937076
65,3,2021,332183318448.6994,125.4848727349994,0,1,1,1,1,0,780.0,2,1,1,0,0,sentinel_2_misamis_occidental_2021-Q3.tif,viirs_misamis_occidental_2021-Q3.tif,101.96361953187125
83,3,2021,332183318448.6994,125.4848727349994,0,1,1,1,1,0,630.0,2,1,2,0,1,sentinel_2_negros_oriental_2021-Q3.tif,viirs_negros_oriental_2021-Q3.tif,197.79433675267177
34,4,2021,332183318448.6994,127.389433729792,0,1,1,1,1,0,800.0,2,1,2,0,0,sentinel_2_agusan_del_norte_2021-Q4.tif,viirs_agusan_del_norte_2021-Q4.tif,151.76592617362974
32,3,2019,299682074191.28937,117.6899153350103,0,1,1,1,1,0,400.0,2,1,3,0,1,sentinel_2_capiz_2019-Q3.tif,viirs_capiz_2019-Q3.tif,227.6168722547449
107,3,2020,291244296180.30774,119.1285399053605,0,1,1,1,1,0,270.0,2,0,3,0,1,sentinel_2_romblon_2020-Q3.tif,viirs_romblon_2020-Q3.tif,235.70552169169835
13,2,2020,291244296180.30774,117.7956988014519,0,1,1,1,1,0,570.0,2,1,4,0,0,sentinel_2_leyte_2020-Q2.tif,viirs_leyte_2020-Q2.tif,206.13172303698383
124,3,2020,291244296180.30774,119.1285399053605,1,0,0,0,1,0,820.0,2,0,2,0,0,sentinel_2_lanao_del_sur_2020-Q3.tif,viirs_lanao_del_sur_2020-Q3.tif,173.5646827638717
84,3,2020,291244296180.30774,119.1285399053605,0,1,1,1,1,0,570.0,2,0,2,0,1,sentinel_2_siquijor_2020-Q3.tif,viirs_siquijor_2020-Q3.tif,226.76340342208383
28,4,2021,332183318448.6994,127.389433729792,1,1,1,0,1,0,285.0,2,1,3,0,1,sentinel_2_isabela_2021-Q4.tif,viirs_isabela_2021-Q4.tif,173.5412150610312
79,2,2020,291244296180.30774,117.7956988014519,0,1,1,1,1,0,630.0,2,1,2,0,1,sentinel_2_bohol_2020-Q2.tif,viirs_bohol_2020-Q2.tif,200.0788273290371
89,4,2021,332183318448.6994,127.389433729792,0,1,1,1,1,0,970.0,2,1,2,0,0,sentinel_2_davao_del_norte_2021-Q4.tif,viirs_davao_del_norte_2021-Q4.tif,152.80343348882977
87,3,2021,332183318448.6994,125.4848727349994,0,1,1,1,1,0,460.0,2,1,3,0,1,sentinel_2_iloilo_2021-Q3.tif,viirs_iloilo_2021-Q3.tif,214.1066473310844
121,3,2019,299682074191.28937,117.6899153350103,0,1,1,1,1,0,790.0,2,1,1,0,1,sentinel_2_misamis_oriental_2019-Q3.tif,viirs_misamis_oriental_2019-Q3.tif,246.0124234920835
25,4,2019,299682074191.28937,117.9406160358257,1,1,0,0,1,0,265.0,2,0,2,0,1,sentinel_2_quirino_2019-Q4.tif,viirs_quirino_2019-Q4.tif,236.7766508408681
76,2,2021,332183318448.6994,123.5075473904579,0,1,0,1,1,0,1030.0,2,1,2,0,0,sentinel_2_sarangani_2021-Q2.tif,viirs_sarangani_2021-Q2.tif,180.26606413728635
122,1,2020,291244296180.30774,118.4352913210933,0,1,0,1,1,0,390.0,2,1,3,0,0,sentinel_2_sorsogon_2020-Q1.tif,viirs_sorsogon_2020-Q1.tif,222.90618517961897
122,3,2019,299682074191.28937,117.6899153350103,0,1,0,1,1,0,390.0,2,1,3,0,0,sentinel_2_sorsogon_2019-Q3.tif,viirs_sorsogon_2019-Q3.tif,235.63993981590417
51,1,2021,332183318448.6994,120.6838014481023,0,1,1,1,1,0,350.0,2,1,3,0,1,sentinel_2_cagayan_2021-Q1.tif,viirs_cagayan_2021-Q1.tif,218.5829499957884
62,4,2020,291244296180.30774,119.4024762808857,0,1,1,1,1,0,115.0,2,1,3,0,1,sentinel_2_zambales_2020-Q4.tif,viirs_zambales_2020-Q4.tif,197.4358891177997
24,3,2021,332183318448.6994,125.4848727349994,0,1,1,1,1,0,470.0,2,1,3,0,0,sentinel_2_northern_samar_2021-Q3.tif,viirs_northern_samar_2021-Q3.tif,254.0439365995869
20,4,2020,291244296180.30774,119.4024762808857,1,1,0,0,1,1,30.0,2,1,2,0,1,sentinel_2_bulacan_2020-Q4.tif,viirs_bulacan_2020-Q4.tif,148.53865259764552
121,4,2019,299682074191.28937,117.9406160358257,0,1,1,1,1,0,790.0,2,1,1,0,1,sentinel_2_misamis_oriental_2019-Q4.tif,viirs_misamis_oriental_2019-Q4.tif,189.9288301812204
86,2,2019,299682074191.28937,117.3681318135368,0,1,1,1,1,0,400.0,2,0,3,0,2,sentinel_2_ilocos_norte_2019-Q2.tif,viirs_ilocos_norte_2019-Q2.tif,192.9100468728865
107,2,2019,299682074191.28937,117.3681318135368,0,1,1,1,1,0,270.0,2,1,3,0,1,sentinel_2_romblon_2019-Q2.tif,viirs_romblon_2019-Q2.tif,170.3953662729241
103,3,2020,291244296180.30774,119.1285399053605,0,1,1,1,1,0,950.0,2,1,2,0,0,sentinel_2_sultan_kudarat_2020-Q3.tif,viirs_sultan_kudarat_2020-Q3.tif,157.6458291313644
87,3,2020,291244296180.30774,119.1285399053605,0,1,1,1,1,0,460.0,2,1,3,0,1,sentinel_2_iloilo_2020-Q3.tif,viirs_iloilo_2020-Q3.tif,234.5681028322858
120,1,2021,332183318448.6994,120.6838014481023,1,1,0,0,1,0,115.0,2,1,2,0,2,sentinel_2_nueva_ecija_2021-Q1.tif,viirs_nueva_ecija_2021-Q1.tif,238.86366409780783
101,3,2021,332183318448.6994,125.4848727349994,1,1,0,0,1,0,195.0,2,0,2,0,1,sentinel_2_nueva_vizcaya_2021-Q3.tif,viirs_nueva_vizcaya_2021-Q3.tif,255.6352695785643
108,1,2019,299682074191.28937,115.9781187205398,0,1,0,1,1,0,170.0,2,1,3,1,1,sentinel_2_pangasinan_2019-Q1.tif,viirs_pangasinan_2019-Q1.tif,230.73575862997248
107,2,2021,332183318448.6994,123.5075473904579,0,1,1,1,1,0,270.0,2,1,3,0,1,sentinel_2_romblon_2021-Q2.tif,viirs_romblon_2021-Q2.tif,199.0153012382186
63,2,2021,332183318448.6994,123.5075473904579,0,1,0,1,1,0,640.0,2,1,3,0,0,sentinel_2_southern_leyte_2021-Q2.tif,viirs_southern_leyte_2021-Q2.tif,221.4870696414793
25,3,2019,299682074191.28937,117.6899153350103,1,1,0,0,1,0,265.0,2,0,2,0,1,sentinel_2_quirino_2019-Q3.tif,viirs_quirino_2019-Q3.tif,191.0585597965642
75,2,2020,291244296180.30774,117.7956988014519,0,1,1,1,1,0,850.0,3,1,3,0,0,sentinel_2_surigao_del_sur_2020-Q2.tif,viirs_surigao_del_sur_2020-Q2.tif,152.59407644552746
5,4,2021,332183318448.6994,127.389433729792,0,1,1,1,1,0,410.0,2,1,2,0,1,sentinel_2_antique_2021-Q4.tif,viirs_antique_2021-Q4.tif,235.86300051948447
76,1,2021,332183318448.6994,120.6838014481023,0,1,0,1,1,0,1030.0,2,1,2,0,0,sentinel_2_sarangani_2021-Q1.tif,viirs_sarangani_2021-Q1.tif,221.50460111461345
32,1,2021,332183318448.6994,120.6838014481023,0,1,1,1,1,0,400.0,2,1,3,0,1,sentinel_2_capiz_2021-Q1.tif,viirs_capiz_2021-Q1.tif,181.45139516707707
83,2,2020,291244296180.30774,117.7956988014519,0,1,1,1,1,0,630.0,2,1,2,0,1,sentinel_2_negros_oriental_2020-Q2.tif,viirs_negros_oriental_2020-Q2.tif,310.5900617927735
18,2,2021,332183318448.6994,123.5075473904579,0,1,1,1,1,0,350.0,2,1,3,0,1,sentinel_2_aklan_2021-Q2.tif,viirs_aklan_2021-Q2.tif,296.0226435573197
80,2,2019,299682074191.28937,117.3681318135368,1,1,0,0,1,0,340.0,2,1,2,0,1,sentinel_2_kalinga_2019-Q2.tif,viirs_kalinga_2019-Q2.tif,220.19849168795488
63,4,2019,299682074191.28937,117.9406160358257,0,1,0,1,1,0,640.0,2,1,3,0,0,sentinel_2_southern_leyte_2019-Q4.tif,viirs_southern_leyte_2019-Q4.tif,203.5446172722731
82,4,2020,291244296180.30774,119.4024762808857,0,1,1,1,1,0,170.0,2,1,3,0,1,sentinel_2_marinduque_2020-Q4.tif,viirs_marinduque_2020-Q4.tif,197.28962333646916
29,4,2021,332183318448.6994,127.389433729792,0,1,0,1,1,0,790.0,2,1,2,0,0,sentinel_2_lanao_del_norte_2021-Q4.tif,viirs_lanao_del_norte_2021-Q4.tif,94.61250382390796
50,1,2020,291244296180.30774,118.4352913210933,1,1,0,0,1,0,110.0,2,1,3,0,1,sentinel_2_tarlac_2020-Q1.tif,viirs_tarlac_2020-Q1.tif,195.6196542096507
76,1,2020,291244296180.30774,118.4352913210933,0,1,0,1,1,0,1030.0,2,1,2,0,0,sentinel_2_sarangani_2020-Q1.tif,viirs_sarangani_2020-Q1.tif,162.1064274819405
36,2,2020,291244296180.30774,117.7956988014519,1,1,1,0,1,0,1000.0,2,1,1,1,1,sentinel_2_south_cotabato_2020-Q2.tif,viirs_south_cotabato_2020-Q2.tif,168.34334545713938
105,2,2020,291244296180.30774,117.7956988014519,0,1,0,1,1,0,470.0,2,0,2,0,1,sentinel_2_guimaras_2020-Q2.tif,viirs_guimaras_2020-Q2.tif,225.00744972781692
124,2,2021,332183318448.6994,123.5075473904579,1,0,0,0,1,0,820.0,2,1,1,0,0,sentinel_2_lanao_del_sur_2021-Q2.tif,viirs_lanao_del_sur_2021-Q2.tif,153.24104036066504
85,1,2020,291244296180.30774,118.4352913210933,0,1,1,1,1,1,260.0,2,1,3,0,1,sentinel_2_camarines_sur_2020-Q1.tif,viirs_camarines_sur_2020-Q1.tif,194.4601463662908
23,2,2021,332183318448.6994,123.5075473904579,0,1,1,1,1,0,500.0,2,1,3,0,0,sentinel_2_samar_2021-Q2.tif,viirs_samar_2021-Q2.tif,341.0556941223512
29,3,2020,291244296180.30774,119.1285399053605,0,1,0,1,1,0,790.0,2,1,2,1,0,sentinel_2_lanao_del_norte_2020-Q3.tif,viirs_lanao_del_norte_2020-Q3.tif,188.88559567427487
94,4,2019,299682074191.28937,117.9406160358257,0,1,0,1,1,0,220.0,2,1,3,0,1,sentinel_2_camarines_norte_2019-Q4.tif,viirs_camarines_norte_2019-Q4.tif,219.623624466612
5,3,2019,299682074191.28937,117.6899153350103,0,1,1,1,1,0,410.0,2,1,3,0,1,sentinel_2_antique_2019-Q3.tif,viirs_antique_2019-Q3.tif,316.4575642889596
41,3,2020,291244296180.30774,119.1285399053605,0,1,1,1,1,0,750.0,3,1,3,0,0,sentinel_2_surigao_del_norte_2020-Q3.tif,viirs_surigao_del_norte_2020-Q3.tif,147.2792759803589
49,3,2020,291244296180.30774,119.1285399053605,0,1,1,1,1,0,580.0,1,0,2,0,1,sentinel_2_palawan_2020-Q3.tif,viirs_palawan_2020-Q3.tif,241.6341184164313
99,2,2020,291244296180.30774,117.7956988014519,0,1,1,1,1,0,570.0,3,1,4,0,0,sentinel_2_eastern_samar_2020-Q2.tif,viirs_eastern_samar_2020-Q2.tif,202.36576447694293
79,2,2019,299682074191.28937,117.3681318135368,0,1,1,1,1,0,630.0,2,1,2,0,1,sentinel_2_bohol_2019-Q2.tif,viirs_bohol_2019-Q2.tif,182.9419143244764
76,3,2021,332183318448.6994,125.4848727349994,0,1,0,1,1,0,1030.0,2,1,2,0,0,sentinel_2_sarangani_2021-Q3.tif,viirs_sarangani_2021-Q3.tif,151.22833128126152
91,2,2021,332183318448.6994,123.5075473904579,0,2,1,1,1,1,0.0,3,1,2,0,1,sentinel_2_national_capital_region_2021-Q2.tif,viirs_national_capital_region_2021-Q2.tif,305.4436581185281
94,3,2021,332183318448.6994,125.4848727349994,0,1,0,1,1,0,220.0,2,1,3,0,1,sentinel_2_camarines_norte_2021-Q3.tif,viirs_camarines_norte_2021-Q3.tif,304.3010939192173
75,2,2019,299682074191.28937,117.3681318135368,0,1,1,1,1,0,850.0,3,1,3,0,0,sentinel_2_surigao_del_sur_2019-Q2.tif,viirs_surigao_del_sur_2019-Q2.tif,176.20183569351343
101,2,2020,291244296180.30774,117.7956988014519,1,1,0,0,1,0,195.0,2,1,2,0,1,sentinel_2_nueva_vizcaya_2020-Q2.tif,viirs_nueva_vizcaya_2020-Q2.tif,246.8032997258616
29,1,2021,332183318448.6994,120.6838014481023,0,1,0,1,1,0,790.0,2,1,2,0,0,sentinel_2_lanao_del_norte_2021-Q1.tif,viirs_lanao_del_norte_2021-Q1.tif,164.18595168801363
28,4,2020,291244296180.30774,119.4024762808857,1,1,1,0,1,0,285.0,2,1,3,0,1,sentinel_2_isabela_2020-Q4.tif,viirs_isabela_2020-Q4.tif,185.7517419854063
9,4,2021,332183318448.6994,127.389433729792,0,1,1,1,1,0,370.0,2,1,4,0,0,sentinel_2_catanduanes_2021-Q4.tif,viirs_catanduanes_2021-Q4.tif,369.6930728967057
30,3,2019,299682074191.28937,117.6899153350103,0,1,1,1,1,0,150.0,2,1,3,0,1,sentinel_2_occidental_mindoro_2019-Q3.tif,viirs_occidental_mindoro_2019-Q3.tif,296.07882836299063
41,3,2021,332183318448.6994,125.4848727349994,0,1,1,1,1,0,750.0,3,1,3,0,0,sentinel_2_surigao_del_norte_2021-Q3.tif,viirs_surigao_del_norte_2021-Q3.tif,143.98340838748857
107,3,2019,299682074191.28937,117.6899153350103,0,1,1,1,1,0,270.0,2,1,3,0,1,sentinel_2_romblon_2019-Q3.tif,viirs_romblon_2019-Q3.tif,174.6323596725873
112,1,2020,291244296180.30774,118.4352913210933,0,1,0,1,1,0,950.0,2,1,3,0,0,sentinel_2_davao_oriental_2020-Q1.tif,viirs_davao_oriental_2020-Q1.tif,185.13693265704896
97,4,2020,291244296180.30774,119.4024762808857,0,1,0,1,1,0,340.0,2,1,3,1,2,sentinel_2_ilocos_sur_2020-Q4.tif,viirs_ilocos_sur_2020-Q4.tif,205.04877209256347
96,2,2020,291244296180.30774,117.7956988014519,0,0,0,1,1,0,880.0,2,0,2,0,0,sentinel_2_basilan_2020-Q2.tif,viirs_basilan_2020-Q2.tif,45.45076930004778
23,3,2019,299682074191.28937,117.6899153350103,0,1,1,1,1,0,500.0,2,1,3,0,0,sentinel_2_samar_2019-Q3.tif,viirs_samar_2019-Q3.tif,235.6185418834906
28,1,2020,291244296180.30774,118.4352913210933,1,1,1,0,1,0,285.0,2,1,3,0,1,sentinel_2_isabela_2020-Q1.tif,viirs_isabela_2020-Q1.tif,165.67942413778923
25,3,2021,332183318448.6994,125.4848727349994,1,1,0,0,1,0,265.0,2,1,2,0,1,sentinel_2_quirino_2021-Q3.tif,viirs_quirino_2021-Q3.tif,254.97258022434897
20,4,2021,332183318448.6994,127.389433729792,0,1,0,0,1,1,30.0,2,1,3,0,1,sentinel_2_bulacan_2021-Q4.tif,viirs_bulacan_2021-Q4.tif,190.82931331636124
30,1,2020,291244296180.30774,118.4352913210933,0,1,1,1,1,0,150.0,2,1,2,0,1,sentinel_2_occidental_mindoro_2020-Q1.tif,viirs_occidental_mindoro_2020-Q1.tif,280.97814312983866
